temperature_c,battery_voltage,orientation_x,orientation_y,orientation_z,cosmic_radiation,solar_flux,data_rate_mbps,thruster_fuel_kg,age_years,component_failure
26.523585398772155,11.970358676987034,-0.9153077720025904,0.9508086476524431,-0.48040350874738724,35.84833226517486,1335.8105759124787,99.39630285708294,480.6234094309431,6.954414552103283,0
19.80007946879752,11.63535653181317,-0.11012447794598756,-0.07803835059705877,-0.5170207872703863,61.22559870149349,1341.856943443837,80.41211666194462,412.1253055169167,4.959913541352434,0
28.752255979032284,11.792763467082072,0.0939755751564364,0.28505177577706675,-0.46984542285005615,61.959841783817694,1358.9342316992288,73.02648687252085,500.80702419430065,6.25251007687842,1
29.702823581956068,12.31695518886687,-0.706513533584695,0.8373292301225903,-0.2665516541640647,53.22909230404723,1378.915610220745,95.40001607944436,457.0750231520234,3.1566797237617408,0
15.244824056730819,12.001496645599978,-0.3274283391452766,-0.5026506759276534,0.4350390653512335,64.95706721180028,1372.8250588409655,84.85940868299068,392.5150737284978,1.458201734214144,1
18.48910246568841,12.170104988434169,0.9752948955129235,0.7731158273325567,0.8992060858015871,60.56609849041607,1364.4406227356094,104.10462183405956,595.4813830223097,4.35428941996142,0
25.639202015836428,12.335039621101094,-0.9675390873150571,-0.8049105864540347,0.3380748602472643,56.83628729479721,1371.5787109391579,71.9709770455164,470.4341057792041,9.439791212863632,1
23.41878703828209,11.812579268551195,-0.09498413695123187,0.29689634117529295,0.0943325418882015,40.88688511266328,1347.1582768674325,116.26071473775244,409.9309383380691,2.277940266538053,0
24.915994212478555,12.378124081814903,0.6853092434363923,0.5656763101115687,-0.10280438396573066,67.31428751032344,1356.1175445649476,102.31099046328929,549.3994484779009,6.758390120352517,0
20.7347803621321,12.189421301729197,-0.35219747456142314,0.22921243850485218,0.6563889340752329,55.36301432208273,1360.598109032484,103.79672788704954,459.9262100603393,0.49843544034541387,0
29.396989874314144,11.38259345654426,-0.04040299448969331,-0.008930391694913942,0.6993144048921398,46.141612253883785,1329.315673222563,128.82153556480034,559.9591318529864,7.180997852669284,1
28.88895967714474,12.721152395593123,0.95609149157596,0.23469419985137208,-0.41392465113436283,43.31729994694702,1337.773795905548,91.24409003256268,459.66331159270726,2.384371868014931,0
25.33015348780608,11.749627628121543,-0.05024632704859222,-0.6966725824411109,0.9068404973068602,52.56783781513857,1338.5686787744469,85.48366610533552,470.25062703554613,4.515170602293325,0
30.636206034840164,11.172452328407408,-0.7381573757070019,-0.5688585793395633,-0.20976927358723585,33.28940915161545,1376.2821644736755,89.04472743306253,518.9657440212376,3.6775310059477406,0
27.337546711260227,11.477478145206849,-0.8965570166672179,-0.4602013120873161,0.6001561383830556,56.996732753528626,1365.9070989714482,96.14946860953484,532.6270659387261,1.1284034331735548,0
20.70353768558381,11.489477419660838,0.890833144879897,0.19555868126007625,0.9336397561644667,40.464291853059734,1373.221224001479,98.18070210417343,542.2666055537329,3.4558195251177573,0
26.843753920412496,12.026086659328767,-0.4683811734498686,-0.11619785250985903,0.4073162017112224,53.70608108824287,1324.2069002039507,83.38604526796453,495.0642373698869,3.5012495829318557,1
20.205586995855008,11.863074747226882,0.008127813129101824,-0.5110483150283209,-0.6768985470976125,44.78379662641841,1331.3286662789678,59.53829493933882,529.0739196855021,5.221056390297516,0
29.39225150653636,11.831584016179704,-0.8185964678200628,0.7656186642891603,0.17227391034786166,47.35581287275296,1374.26430880513,88.78141998241924,541.0095733807881,9.723515329399874,0
24.750370445068736,12.309850982741239,-0.15268975889878988,-0.2521563194135532,-0.7624457538088432,42.43090127234935,1305.4266071666789,107.1965133257378,511.03130262117674,4.700175225106303,0
24.075688182273698,12.169937680596352,0.8602110385002482,-0.10793656154021769,0.5782840797378526,48.387705688191986,1385.492587151996,102.72516612506985,492.1538037704637,9.144261556326338,0
21.595352277980293,12.158023935322143,0.004825987261876774,-0.18059784690201086,-0.4373696522522341,68.89379546017354,1324.5336571295443,123.99108939651654,420.50877784728783,4.615576585625554,0
31.11270669337015,12.204914228664347,0.9422703036046558,-0.6361140894464947,0.39042964612003717,63.850596270486406,1377.8668978384997,139.1097308792758,532.9545786228994,1.0754330087493946,1
24.22735258965599,12.30806733400112,-0.4823287255252007,0.4632540308604667,0.8201793482603978,53.544789549954565,1343.2283075048608,115.18667542916937,502.3195534527633,2.301528952759402,0
22.858360889184464,10.946023329111279,0.00909047940787433,-0.10308347546228402,-0.6379802986596552,49.74705734435047,1381.9780743034316,127.65041284816452,477.2511281207111,4.075176760576003,0
23.239332247558853,11.81778087386777,0.7190615836186505,-0.9674857802145631,-0.21428432279766652,58.442011906928855,1425.1632182783299,115.3354858452624,570.2771499975413,3.2536877297018476,0
27.661545927766745,10.909894967755264,-0.10349529089251241,0.928027404719594,0.29423757614713253,61.29970394107556,1315.5364473975774,134.19798511854768,421.4691501897676,8.658292875324916,1
26.82722032182039,12.018029963398897,-0.4410252528596208,0.6315272231908273,-0.16068281438099774,41.701816177924705,1374.907542957213,137.01707268582535,590.4219973450688,6.786456021965513,0
27.06366305797994,11.997683513887827,0.7109507268357633,0.44711870818360655,-0.6503621167505695,49.22561132367798,1324.8367457281252,119.02330341557854,498.7749696751044,5.783084519186734,0
27.154105015039413,12.52276613739484,-0.220221062254782,0.738183741037058,-0.941856771662406,31.7804177043192,1369.53537844435,114.12760292849171,517.4634998176595,4.912295512366906,0
35.70823800435231,12.593817196360561,0.06144658212046816,0.8136145072111005,-0.1868037125960742,61.23102110260895,1356.864556728962,95.89535656125265,478.2725737008351,3.9727061828906685,1
22.96792491807692,12.101387524126183,0.9530541328302913,-0.3250205872311227,0.29841805316384074,70.65024257700856,1363.595646449237,99.1732543807218,408.3109898112168,6.121924398320113,0
22.438786354642314,11.74981946130155,-0.6270334104882722,0.2219173568333972,0.14796841630497726,50.800826246230855,1342.7662744734353,93.24325337299476,492.32145558438214,1.24607165444381,1
20.93113635876061,12.24258055627287,-0.3971987265596286,0.21761561841118837,-0.6875175204787152,28.749898750969834,1376.61082218993,112.42503221790112,518.4109698791036,1.6253318821690566,0
28.07989711287748,11.736041181337843,-0.9378607998603201,-0.46540066237880606,-0.09861311226522673,56.08890516577031,1332.0328432405925,85.59303925281303,537.1923995521427,3.031163533967,0
30.644861463604457,11.999303674278325,-0.21632458017989453,-0.5560954971058656,-0.26105790763749437,40.959108338509196,1385.8327452579747,96.17787580440181,489.1081740858604,1.7118461646107441,0
24.430262711725625,12.493068158480384,-0.5996331388302809,-0.7721854903619558,-0.45159519541320026,43.3665055833554,1352.8149938677964,52.896602296434,379.410308733757,6.770987190248166,0
20.79921761518736,11.721114327005289,0.3600698708157828,0.3186283918329056,0.45854248772077844,56.26576389791004,1332.9461864519383,134.4617978954502,415.2086260479556,0.24768321406245297,1
20.877593921543802,12.40283931962125,-0.6373570824682953,0.5618379820615598,-0.38069593994563133,52.54554125512725,1392.898736466814,95.59050834827363,612.8610793069812,1.601774916667501,0
28.252963939123504,12.33870068434615,0.3496255048117394,0.5219059590340076,0.08028390466605839,45.11891224661398,1359.6531469438169,109.11160874673153,439.91052089253367,9.026081094988033,0
28.71627085601721,11.522604091434589,-0.47304914362136463,-0.3674492456300513,0.8464470705392331,43.50394367398336,1399.1527194088405,129.15573389422804,578.4877202031564,9.97543148222087,1
27.715771341525976,12.486947064108701,-0.28956433175760043,-0.5894802990695955,0.07855196450716484,51.25836055220833,1385.427122586267,106.0058687488236,448.62522944203226,4.875904778280931,0
21.672451463556527,12.349283172685752,-0.302278695907205,-0.09277164309075614,0.23404582032112153,45.90534447487632,1345.0370859042714,128.88687404186862,489.9649249649673,4.953700730217583,0
26.1608066153336,12.05096294368633,0.43350350032721874,0.09362692048102117,-0.8535080276648972,38.90762866396993,1359.300203981265,75.16524375697266,534.3864542779947,7.733987622374382,0
25.583429045703642,11.618838270986174,-0.06698147372331387,0.8381742559371115,-0.6437317125165274,46.6743681852164,1363.4207587932715,147.94753179195405,454.88930543805196,0.36189577620575064,0
26.093442983645065,11.570396990712215,-0.27740220229463386,0.7496463085481082,-0.7980976014037731,53.395926232551844,1391.5260639997289,121.74220396977532,587.571832466748,4.270214819009781,1
29.35714388974095,11.731168711548488,0.7052454380788997,0.8321166626036554,0.5296258967116803,48.218965331803666,1369.7503542673423,104.18404984973282,504.1650596937626,0.9982788181495983,0
26.11797774387341,12.27129723164598,0.14390125128240538,0.7005247702719593,0.6718421618336847,35.864914017518146,1364.5258524219291,128.5015866525089,525.3467965464819,4.00926382656486,0
28.394567815359473,11.522187416299301,-0.5723383574440044,0.9291624088726225,-0.6270894136108447,59.890646213755396,1357.002408258034,76.62730228021256,485.2816145589481,9.838218411288748,1
25.33789534744446,12.218756124309936,0.8001825562873652,-0.06900000566188513,-0.5614564981538179,22.611885630566665,1359.9888592829072,94.22770242461013,536.22961578594,7.536332808033611,0
26.44559699344992,11.379122235560803,-0.3146994079327188,-0.9050530051338113,-0.35358542101443424,45.536348449715646,1387.0918417135665,128.8850079280476,586.8336006917424,9.850458756852179,0
28.1564411291927,11.897965707780575,-0.9220412449253592,-0.8328759357030435,0.18215523390767085,43.79801545446084,1361.0741070159495,62.658796382100704,492.7792734307232,7.460486256706017,0
17.714220900721667,12.054823877287005,-0.010799552051094174,-0.2194477164553137,0.24359238760003898,51.48178877871415,1353.1000545740364,111.20915549917609,595.134203491208,6.081100718065883,0
23.401643918213495,13.22256507252946,-0.7521238911182444,-0.48462581745400546,0.3735079170829152,55.61661807802736,1349.7098566877262,110.64352319690308,466.3622305391485,7.542208329272434,0
22.648136728536024,11.311342172239817,-0.5230671125685149,-0.6601188172778654,0.8103855124269252,61.26764808261035,1349.9246969232768,139.38451633644326,542.025282164344,6.590916729709847,1
21.80561075878329,12.736007283245067,0.4942217453748221,0.9064075490172971,-0.4099197190069237,42.875951266478395,1332.9580800791448,68.34089160555527,526.9012884933677,4.640660299019084,1
23.624288743866583,12.07492120699364,-0.7384963732473628,-0.6091608231787551,0.31751797841355134,55.86582337333482,1345.9924938334705,132.19262114063267,441.22798600246966,2.9254633400521,0
32.47470655617198,12.205585959007982,0.6138884487080714,0.918758544630462,0.11944569155538431,51.95818387881461,1390.9684055130065,88.81058513702195,511.75953375505327,5.201780593343549,0
20.670844421533783,12.059173956694103,0.8738145762619074,0.5216776806424142,-0.3883255191748658,32.88460624816777,1356.86801478865,91.05981080176291,500.4051265817705,2.5849347390143054,0
29.841391772957405,12.222363409097616,0.2130642008158894,0.28189134425044693,0.8148303731873467,69.00540255434109,1375.088233371122,75.55991226080414,453.0744303047735,4.866763464421453,0
16.585651141920977,11.92315744781899,0.42071838404565853,0.3520379201787567,-0.809033176081565,35.61224872759801,1311.4248696419834,78.2429592506615,519.690133880677,1.4613540592108598,1
23.325574850071124,12.727025090728729,0.4271732198148348,-0.337051352681752,0.42400205366410293,54.19497272309715,1372.3662261793177,108.07044694907844,508.0459250359685,5.653950989700408,0
25.81376532552503,11.77176442788764,0.9856159145408898,0.29285407611656433,0.4557474260452039,53.89959944197748,1357.7729459126176,77.75336170437289,496.00771789810307,2.4528369081210477,0
27.93111165679639,12.566117286089623,-0.31692347559675427,-0.6266157634374694,0.8306530553799232,52.75636782329077,1351.3711995421897,114.8056866730583,496.22823920177234,2.9360810394156966,0
28.556132898964275,11.677816439893489,-0.674286897514595,0.875410865071959,0.03716118470270713,45.05423117838392,1364.6191991484227,86.74067906060493,495.04943575920095,4.990281417823884,1
28.966736175999625,11.969874076799357,0.03833446982864297,-0.3964133200788129,-0.3567553235615082,58.27252651140502,1351.0834949237594,75.73932388302705,479.776520831452,1.6252625302158075,0
23.256374638757812,11.46401872385489,0.06649961966341644,-0.48962697541291567,0.655481339720041,34.39632526056904,1318.522501602233,89.4438170728021,507.690875225824,9.62379883635919,1
22.688241036677162,12.22751186017376,-0.644175023407711,0.422325596388315,0.5416205636647853,49.34171211326077,1379.4449588234388,106.73414383512612,464.5847183199921,4.469443153928761,0
29.28987940628577,12.722562978463268,0.22621883798827902,0.31289743613236376,0.0006312288389407339,44.36125323447541,1365.8603512269638,94.45293476137961,646.1245220308499,3.522792296267511,0
24.043478375591924,11.961321910089573,-0.9717505330463521,-0.09740216331338947,0.5357147512676221,43.22702057932968,1354.721150905043,100.68420236665597,422.48667149940763,0.2919660509258093,0
18.62156838331039,11.901557150648046,0.8553368049084431,0.2648924693815726,-0.4642487958454784,54.287477874535455,1341.6762925585513,113.92414923672168,467.8395157521048,8.432543631122329,1
19.333563929982596,11.442691518466036,-0.4708514443574767,-0.6810138564782877,0.17901266080693579,60.77478542719683,1331.6028496778572,121.64842903233897,472.18418424826825,6.258339153063844,1
20.402738569991943,11.885353673223847,-0.9208795832196164,0.3466566148039101,0.730366909575751,46.56744238163134,1365.4778541413611,93.79809382821138,612.2271377878495,4.1640515484129725,0
27.48580372026882,11.203602870139235,-0.7835011170502859,-0.45877860960961225,-0.364030990766975,57.806810899257776,1393.2688192045073,79.11555968847682,427.39259425123754,2.455327993384757,1
25.712128680352826,11.543561006640587,-0.5195021034407166,-0.45432804664708537,-0.032900035138513584,50.49740665444598,1365.0633295348207,101.52188957845033,523.425726389236,7.451374186753852,0
28.452426770338842,12.113393023054568,-0.45218766278790956,-0.6756401301124308,0.9020897083457788,41.07267790761991,1333.3447678781436,109.41299172208143,513.6616735775597,9.45474575741667,0
22.863736768317327,12.659506598870697,-0.9343800010045427,-0.33524572992767077,0.5964236839434733,47.42047906758936,1365.502334540768,70.78549388056099,518.3481267571001,3.808097056520202,0
25.792698455383572,13.404605430614751,-0.4412903756125417,-0.33749787937734377,0.7740780406611054,47.00514109208385,1359.9331407550656,82.1878340598483,567.9988739436017,1.3487606837923127,0
28.127951969836683,11.70670745746455,-0.6141165270130358,-0.09164197659546147,-0.22950587821910728,43.033400874945535,1378.2808725214845,85.61626208074118,566.8706147860898,1.0919474727273737,0
23.453267301398807,12.71765007832272,-0.24275814513096283,-0.619160990667301,0.9930105192691177,54.284829286558335,1373.1346635482346,95.84355622559247,475.1973745413935,0.06361972333885912,0
27.283876187787058,12.121876240200823,-0.22966452528806158,-0.6139849276824674,-0.6948687906323741,52.346461877047595,1301.2835493178015,84.77932192746428,510.6709597221695,7.439554407717219,0
21.690370294666742,11.924376176626811,-0.32198451879424184,0.08347714332645673,0.037541166432617956,34.09350301730582,1371.9048440885692,114.140814501938,397.4743882316321,9.813953859016705,1
23.184730767174642,12.216297225863077,-0.344152232938592,-0.7422451906590497,-0.04145323540750123,33.48474004760642,1340.9304118099183,67.89733597083165,505.4501154687061,9.928177527535683,0
23.091310530008354,12.03095824183998,-0.8205374445174975,0.37779401597767026,0.596864381600269,54.246844532057544,1332.565425171026,68.40562605611152,456.33058146924446,7.8419725434292555,0
19.020801772054803,12.055197862806109,-0.9495901057476757,0.8878942517251931,0.8172355450300239,41.84713571205465,1357.2305317925288,93.32222376977076,489.7489665721716,1.6218377829604358,0
27.43486240392791,11.795833418586666,-0.5957713996870668,-0.14640875667124353,0.4622787538161195,53.02041155100324,1369.2194221806003,96.48694391720286,407.30454743508176,9.777094559131216,0
22.65298829898638,11.300945170100574,0.5132988548332307,0.8022106263013535,0.2536324722606056,57.80931578109188,1328.1853077942635,70.90712254283793,522.2679757695491,3.2781344300195094,1
25.062470593638437,11.228187398738958,0.9816195311022442,-0.8033668177482711,-0.14514161830299255,37.290471625944406,1375.091528341151,87.8650231470487,406.6887217433416,3.3361960949254366,1
27.403733294529545,12.326622441640614,0.8570523501146581,-0.9140847452487109,0.020651834151468318,35.88462745423815,1376.266776950632,91.97912365161821,508.15565337353723,6.873369528924389,0
27.23265588014972,11.861649954957143,0.008438711075537286,0.44273775502767987,0.018600626449643665,66.74431682395294,1361.93952392599,92.13404105955709,432.5421923837598,0.49049187074451384,1
28.326925544863933,11.701955550171917,0.06364771155586846,0.5220431459629931,-0.9592630526312447,53.51570782962459,1343.647527395459,103.03762966578583,453.26974306752635,8.257697299075593,1
24.507572577452883,12.004252813361576,-0.3708368619283149,0.6861164819315027,0.006091609655355379,45.80759343326729,1341.4124399162142,86.76842231152877,563.5102656399839,9.97297276487744,0
22.88350843977923,12.397466126457815,0.5478788772753125,-0.8863646432000372,0.7119416003482497,40.66059547353736,1381.5186426316045,129.55672600016547,532.3354870252492,7.7506977808991735,0
24.601408945468005,12.0901819715132,0.5295133758652972,0.5538141099136609,0.4185480222844964,44.895591510927204,1330.7755462700818,109.76409279467144,563.2061725718798,7.816764912073332,0
16.56332783020985,11.671972531679517,0.6885447151648891,-0.24692253440683642,0.5914172442500096,38.0942766388669,1382.2894092163835,83.85772958717357,585.784992287571,3.90313670566551,0
17.764437637884562,12.613146477824476,0.7910091543937687,-0.3933247346356028,-0.21903002046295805,58.8341217409059,1357.6960168173912,101.89022986735147,457.49387110731294,0.6592138901565692,0
18.386501938227987,12.789592751490815,-0.1313015035494085,-0.6539521573134062,0.05794647382591611,42.23248846393679,1359.083310007143,102.4803063721121,582.4434414342479,7.926674342344233,1
20.013765861992592,12.247278327661427,0.5337511362143952,0.9920315102050541,-0.933032862005799,60.93534588216267,1326.8382458917335,124.29442948995562,419.3971889101604,5.9715808690480054,1
26.998871133617182,12.486831755672045,0.6127974575917572,-0.8726728213622728,-0.23400411566131285,45.99371080229989,1358.0656673974283,87.99235142167298,541.0355183999696,9.093386891220844,0
20.472604723199694,12.620979998406906,-0.3830807550044997,0.6540160292159989,-0.05116791021471201,39.56649816382685,1373.2717103202276,115.34677395441147,472.86642569700155,1.1596290016683253,0
23.10918722980305,12.565049658202257,0.8584844880122999,0.27898887098105507,-0.4895822008018367,45.73698411986199,1334.2717982429604,100.83708951564955,448.8334921548376,3.051230630941083,0
31.496141488930327,12.307049588556312,-0.8113169947206891,0.4701608885237343,-0.9375180420187004,23.758332224985832,1370.972717345037,129.83133032897533,533.7958427017444,3.6065615372338646,0
23.218680144692872,12.29917352353744,0.9885383583265657,0.42343423984359285,0.3808162175579042,48.79231423325993,1362.7802450735805,125.81782905278816,551.9723338843067,6.832797085446915,0
28.687577842335433,12.259830286673251,0.5401814363177389,0.7168689701463651,-0.12982449830231357,48.298808088698415,1348.1248877233538,103.93958609185201,550.33976126556,7.87745163103155,0
20.331911599950615,11.451331162726479,-0.8134581893513455,-0.6324158602877834,-0.1686436137755316,58.247427465479674,1378.093461729826,94.7543475796788,511.81729388921354,9.610204085844202,1
23.97281221066185,12.350361578429792,0.31245929621000124,-0.9983507663306292,-0.5000264919429822,31.136950720166205,1316.954864620429,110.13211819358912,507.25765157310815,2.9540715832415443,0
20.249889725447094,11.322093014436723,-0.9316411781434797,0.19705697808653233,0.0756607979960342,61.61866360863548,1367.9336149748742,96.39099945745667,528.9776622134947,4.936364085642473,1
23.30483462049719,11.602700272437472,0.5403738988883657,-0.2922827213533321,-0.12394643745853706,58.20599294997656,1393.3887031614659,133.6061421195667,516.7070241534456,0.2896093008129841,0
29.20154068728698,12.651782533904044,0.5984458433181106,-0.7524253377657246,-0.05203105394181806,62.520435636986626,1389.7988627820132,101.56940156354024,529.774571177229,2.529878781088879,0
16.363397884038257,12.420110081347099,0.20482050618289538,-0.6277224917915223,0.161742696872764,49.47278623995862,1368.7961344107705,91.88714734974326,511.2199703610893,3.740035081196403,0
27.172118217729288,12.743699144842932,0.713720783833141,-0.3365013750815542,-0.9873507055205293,60.13896834102756,1354.9663844773831,90.80769827852149,546.35311034785,5.938062065254482,1
26.188678011661388,11.864162808156355,-0.8042334395702806,-0.8595332582265935,0.8153918070768451,35.287559650930945,1348.2839488690474,75.73928829602585,410.5035706397265,4.708454935991741,0
22.02925022151603,11.423875579361617,-0.44815231591837357,-0.8861735957430983,-0.8578252061098375,57.130475652045334,1354.9414841218872,111.13118256186645,492.7799588702488,3.6447505977699732,0
17.769710728057728,11.879781401464829,-0.17164495681465897,0.8320525096648883,-0.09815050536801095,42.28837237900055,1371.876144958358,83.59977594720995,423.8884428384928,6.240779665293416,0
25.36064753856935,12.051015648620288,-0.9150840943438034,-0.3757945012926076,-0.5852542495212372,33.48598167577064,1344.8551238908117,121.96296504375493,515.2186109682686,8.286156771170003,1
22.352536454680987,12.039494358170005,-0.10356782485766769,0.9644613949471699,0.047564738739750645,38.75859481835639,1376.1484763610076,74.14129891996853,590.3061596719534,2.416811329847892,0
26.16338105677352,12.566840239378351,-0.46957308777486806,0.9287340166607998,-0.43953978240572433,50.05531138629271,1403.6632103600664,102.54482897946501,473.92533699291675,3.428758792604123,1
25.109260727617215,11.819364787498277,-0.21452997579649402,-0.7148574353457724,0.7200129961252077,41.75700791782397,1359.7623352974522,123.00447516994907,506.99886166634684,7.049236496870199,1
33.00889445660458,12.176017235901462,-0.14979473601538706,0.4298486057923818,-0.2072803320751595,53.760735316958,1334.1121039343338,56.95505870752727,541.6067693206901,7.779405987585303,0
23.803221862634878,11.505686425282697,0.7588234669753702,0.2016097782541384,0.2775111115368747,31.917624449959828,1334.1051050736717,140.3653108758437,386.2752387528411,8.253968717346472,1
19.882512536890676,12.225158639021906,-0.4593180589447219,0.3812941462103072,-0.5022405437042421,28.729024563841385,1376.5313110342315,91.49429605603781,471.28392348206967,2.0933121889702866,0
25.89637817478158,12.001554275092818,0.7874862574325441,-0.8076179999710504,-0.961187699011965,63.72387434143576,1359.8050764207912,102.82190764324278,520.0483612600068,5.392669612444156,1
26.099983419858827,11.62509333085774,-0.14805807037430152,-0.6228798427308839,-0.19169092877344784,59.03800129401434,1378.536617921281,111.42898451032687,340.6652900888499,9.000110985252844,1
31.79593787620218,11.882085318912573,-0.344384558612028,-0.846722677098237,0.0729729791165803,39.507031640861925,1350.327315016813,114.52258112231107,446.2755328808766,3.919504550914917,0
29.17555622957289,11.907912126742389,0.0050240986702920765,0.20826841043414235,-0.08090569747649945,49.970003565294604,1377.6124709507967,105.47767876519364,560.5471885359709,4.298830902215557,1
26.784355295747545,11.864922435331453,-0.16451342727432072,0.9731821516981822,0.9240287276377199,60.19507060201324,1357.8340165310055,119.94769167412736,555.1648295247899,9.848229439006857,1
32.316514456097806,12.885670621133842,-0.48525537388970785,0.34396907531588283,0.4136783476920567,54.192006082906055,1346.349918893521,110.38141425843625,520.5875025053555,1.1305264603250542,1
19.056184728385745,11.95077699884606,0.005358649592133835,0.42152307004385925,0.9913396012507905,51.48223096183479,1352.9800304239523,135.21762280064607,548.5208701968747,7.05601989461636,0
21.80124233625126,11.87805194491133,-0.6963965338423375,0.9691700830865622,-0.4098798193720561,60.95154081312597,1337.0589128915353,110.44655085709195,511.8307328931805,8.501841270408919,0
20.367120292972373,10.951274521194929,-0.2961401139540678,0.3560231083435923,0.5781065592142931,42.6928752479878,1400.7871911716322,139.29271039766175,530.5467199093273,1.507935166340174,0
23.05095098422116,11.552896324010261,0.13158043874818115,-0.9196368547430593,0.11111693509322773,50.31178448664629,1359.0723637288302,118.02157680475312,482.63904601376623,7.1445323600723745,0
18.116569262218455,11.868463287771824,-0.17318351122028286,0.7340112017131952,0.22352070889699882,49.821513617076086,1373.890281773644,63.884997484634745,506.3696975607151,4.697382220104423,0
28.175754734072022,11.657073661911678,0.6478247221015929,-0.2706434192424074,0.9717064008846554,47.27237952328957,1350.262617342584,152.22205356775683,465.2196287471298,8.528908846746432,0
23.888886514506133,12.690853796688899,-0.4865564769296675,-0.9912727569705693,0.30797439950223393,46.10194488579248,1339.9614435604035,88.51311783045563,569.4915839300272,9.074523168359061,1
17.64596852748671,11.91753111230189,0.9395431576620201,0.01446835512164113,0.7976337846738357,50.72868237828491,1356.3223897816413,129.91088030403472,583.6857675226211,8.724849031545734,0
19.922104593962292,12.644222124659127,0.5694440417027027,0.8740300017525273,0.4515004694384941,50.34407495985528,1383.023850667584,100.53586886238877,575.895204038339,0.6438513757901276,0
26.567569237250975,12.030852317025184,0.9351860519949444,-0.4853386256100336,-0.7452277565504999,39.51572357465474,1350.5853641720344,121.22180515205159,477.5540181077176,7.568552768149742,1
29.190632839471906,12.018613918210788,0.6762731096606083,-0.01697365389432015,0.3988474206446251,58.01795909900447,1343.5893605454116,86.23042178268412,447.5424278349202,9.215275749858293,1
34.98365445845893,11.95560177614375,-0.7157921482967147,-0.6524462244352185,-0.031368822629036064,40.236147922337416,1364.109284887383,112.51489086179176,570.2335513412589,6.21348440670931,0
39.56931233003665,12.00189812581073,0.05292018127002751,-0.8846146566671198,0.8375959859646849,47.81766555452826,1370.9804520143548,94.93618909211189,529.9148961425277,6.008760604784902,0
27.07204716637998,12.85939750152493,-0.6600429576084286,-0.8389101065737736,0.6136688943809103,47.047195272799485,1393.8569633770637,131.58006223179777,518.0721387838004,0.45005387398110996,0
20.05230939984068,10.84019463662439,0.6364547052545146,0.45402181192271085,-0.7917306247855496,53.58103612659216,1368.0750095674498,108.77336334834018,465.150235328017,8.560330222059385,1
14.339768596343454,10.99922712778066,0.1683242983665918,0.7281489414842981,-0.7321687126928831,28.808960597826673,1373.8798535706246,118.71885282603132,523.4115096950221,0.4640356082916153,0
26.33855731171918,11.728414584471944,-0.47310137128618845,-0.7134023214950178,-0.8607779964027888,58.90909814929458,1375.3855047384063,56.71846257053859,440.3097067185936,3.1350960638467393,0
20.93529452344837,12.007263940968784,0.8591979440143427,-0.42336286437906256,-0.013510250510765154,43.23009652387836,1337.9396923613474,98.28854640422749,534.8734295843468,9.258630652872155,1
22.923213699101574,12.345052212382006,-0.7696278933714786,-0.6099410647103454,-0.838456481585294,62.19963294777054,1341.7333585906092,108.21103270116592,575.8387684783415,9.497451427295122,1
21.93951600470096,12.236543599013737,0.127724806942628,-0.9462884461471441,0.4473566731493881,45.218350754838454,1339.322074207887,104.47229812879414,589.7075049149373,9.919005404759226,1
24.296045567918075,11.807877043559715,0.4420811093334509,0.10686273977396721,0.10471716290086541,49.51156414265989,1334.357084886167,119.22314427435701,538.9688229760399,4.764022856128863,0
30.329901153938216,12.509521846620881,-0.8823029253351364,0.39984434027529514,0.6717700351062847,69.13786040068423,1376.909197497408,92.68191509725091,423.9888147708383,1.7742954638101083,1
25.785242837226722,12.515097701576366,0.19571206641240724,0.29575496177014093,-0.44040842265736746,47.22661791206332,1366.801001833275,100.97574210069261,510.8531572020312,4.879444868290839,0
24.206825814806557,12.092028915635783,0.6318024309261883,-0.22389290539550477,0.03828156832228147,62.38849884673459,1362.589921261829,123.62453528829984,617.6824959231742,1.0231292508304923,0
19.821731235870942,12.48132878624342,-0.8649453711638933,0.11002049187981067,-0.7650406281789113,50.390450855645604,1309.1456696919547,54.42621993109286,452.22636252567435,8.725361089699698,1
16.626585276478217,12.136322631716064,0.024485942213254175,-0.8118013867275506,0.7692200053005609,54.1541883029349,1402.1095371723723,111.78701003276683,496.74501348993806,5.605372332665048,1
22.568460454633346,11.719258486608558,-0.48288564370251996,-0.6913925625546311,-0.6499900754203234,50.699585894113746,1343.1145599169288,93.32230348012894,577.7438393490537,4.045058991667553,0
24.731087245908398,12.348908419500003,0.3258489030738416,0.8635892391059667,-0.79527549729919,58.47851626300124,1402.036255118779,81.75363750892757,533.9423657140472,0.795307024808044,0
33.839649567899414,12.055306561289338,-0.7626452658423102,0.5230154956397937,-0.5898988029536334,43.14468387146949,1332.0151703869738,106.7308844855196,636.4085978466808,4.052406768166304,0
25.65137260736443,12.000669923377243,0.8741028613410138,0.8454781916503347,0.6124629774459629,40.15951476980815,1344.7519768288694,124.54902593617311,459.69218392242766,8.661916083901088,1
29.913697555115288,12.736476786094787,0.7894571634294636,0.8333605689987345,-0.7883709446306344,43.61423809622978,1316.9430123498073,120.78287662968361,445.5634317842548,7.0340593247721275,1
22.50352200730424,10.774563935729956,-0.6280511602485817,0.2987852342154813,0.2288549896763319,50.99710376324091,1368.242499518854,97.29773938186743,567.3268989709345,0.8245551751096658,0
19.075281167914877,11.291157914920214,-0.35346823126979077,0.8564772962243303,0.49236260123025133,47.7918121444967,1338.9748635837755,117.51481927521897,434.22667544506555,1.5990719972617584,0
20.17441618883814,11.406464786812816,0.17526994930608608,-0.1665917938350736,0.5021623209657422,57.10274876471176,1339.539996918033,117.36135796891688,489.1777606150355,3.9230849070750464,1
21.373869677321235,11.818369676215598,0.4361246732685009,-0.9927675104301181,-0.6198782267837377,63.0473169982152,1333.549715656512,98.25257459013666,496.3894400327233,1.0137508268591866,1
35.64234866217582,11.872695915116985,-0.11468796967948358,-0.8748577683076812,-0.876752003244776,40.24161662764992,1376.5471012547573,86.13838896023584,556.9794210362257,9.34041191993271,0
20.89306660387807,11.246337176113476,-0.6874173560780499,-0.7810253485983696,-0.1023872324555648,42.660512083860674,1375.2292730313509,87.2953193775534,533.7847382413886,6.522920446308759,1
29.192446018681725,11.507420983844586,-0.7916970123942568,-0.8092930936342795,-0.5950293095109078,35.63760581687146,1397.2406778215757,116.75706697736274,525.1385702797274,0.9482300130394505,1
20.48536410956487,11.569579160738215,0.9995306738286878,-0.2965952182994731,0.398541618027876,70.30372990759105,1347.2858675785405,99.15706372574618,477.8663017154083,7.880574623804607,1
29.657865064371222,13.228712046037947,-0.08929575711302551,0.40254161421871526,-0.286614400689158,53.04669499121827,1365.376387420936,79.07635560538823,566.8252210495068,3.684059285719429,0
26.924754830529317,12.900870973873573,0.7450634982969964,0.5812976132009899,-0.10129211793373583,54.79802320051578,1335.213296051961,66.3027432898175,721.4203223499995,2.448706445532208,0
24.216810511709546,11.794125291157675,-0.035247990741771096,0.18042654868924934,-0.7730301337965764,36.59791614968952,1354.2992195452937,116.63662904192759,538.0205154407604,5.6998494193969105,0
24.79618736932283,11.8182083548466,0.8447152770920066,-0.7071276508860409,0.13510057309638346,49.98830010993125,1350.6230937343764,89.06443155471553,505.48197141507603,0.13372133120541307,1
21.726061522853048,11.425398001405853,-0.8244812344568988,0.4958032042963505,-0.6289516207361854,55.09247984413085,1370.2889991499085,106.60775511311964,428.61753659543115,4.65397660104255,0
27.2303610074104,11.045934793387367,-0.7719616173308981,-0.2903961617248021,0.3579713218298741,47.47242309465575,1381.3404361283638,124.79413814138248,464.93852028755657,8.438049930951696,1
22.7250825982961,11.941559906795739,0.8592643754484486,-0.9740133026564075,-0.8576623549042126,60.75705624826394,1380.82133381663,73.82151046293029,488.2459371328983,9.280575959855684,0
18.871971181163758,11.501074008377987,0.8949860900895699,-0.4388227589345013,0.9517891845626467,73.1183112564283,1344.1437545556478,99.0972523897431,470.5969867853077,3.4255470441643974,0
18.610312128401905,11.957574734168995,-0.3705651050692733,-0.3387988917180442,0.36905395717162337,40.529371729060486,1380.96935809246,96.58611707562261,499.11571910102333,6.424365881650443,0
25.862939588610597,11.199897075478262,-0.28967022601225634,-0.4515089295637942,-0.6365408643761477,39.779127540233034,1360.118297257844,107.59485751255922,597.7908842244008,2.268234383688336,0
32.89545628205217,11.61901277084487,-0.09509953033048402,0.6237403063751712,-0.9718107090762884,41.22243934471423,1354.5080620820597,124.7831999684087,568.5941804553079,5.60213070984709,0
25.79995806786719,12.074313547651416,-0.16767663986541836,0.5198527951881806,-0.3310742155895625,66.0619916001649,1346.8297702636216,73.41096370675184,491.264200594246,2.54027726153189,0
24.406808369450587,12.183104798891968,-0.6199095680808067,0.39110406082528293,-0.6943734718955852,60.42355317029684,1349.801284112769,111.39595897411533,433.54460304337766,5.713565086274529,1
26.429130698012713,12.208735979371006,0.7967507678787491,-0.7219898429754694,-0.5631773337609081,48.64472182206352,1395.8462769239247,120.63047549987402,573.5552203596327,1.7172211729323095,0
31.530008708534126,11.339755507921481,-0.49338479858871254,0.615667819412564,0.7455005168757789,50.36559664400874,1367.1482153298805,96.27245872086435,497.30201495962496,9.412325567607434,0
26.096912506819283,12.42734286506778,0.41054481895530315,0.35435192332664744,0.206409320101699,41.834563738032784,1364.492236950024,97.25106014213753,405.04247659187047,8.869174764072916,0
22.945363845831313,11.599894151699075,-0.8656886445300542,-0.6103246270372162,-0.647084693942201,58.90027157743184,1355.755062829261,108.36898737969844,539.183656517117,3.3691824944883986,0
30.531443550299443,12.316428957303653,-0.9224973369431411,0.2961878605630328,0.11331880137489758,46.200981758914466,1409.9195722287607,106.89634155779576,556.4127676328405,7.766628889249426,1
27.143782192308066,11.994680661690904,0.30746094515384126,-0.032976717992637905,-0.48843869315001354,47.399234605450005,1387.1002097769285,111.64705214734245,366.5750377285932,0.9550413073219455,0
32.67877995997996,11.311806250461027,-0.3219682848534793,-0.1212998762875499,0.9524017287161783,56.08789771529257,1346.5787577040242,111.22561052802433,454.6494946826903,7.403609087054239,0
25.91617218610953,11.841901147709406,0.3109187854400026,-0.7757536730552224,-0.9344855394726095,48.120050619167785,1355.5276989059075,80.36055388768698,493.92502937807575,2.8245912961270414,0
18.8776548413975,12.182681871031884,-0.8119575956623393,0.036608551690330726,0.46463684433563013,47.65034006502154,1356.7151091325818,119.80532995409887,540.3981001219739,1.356417686758623,0
18.159204003771677,12.3064826902373,0.8997027598317267,-0.8001363820552727,0.5459940523828546,50.10575205529075,1363.9174395656519,123.33566324380476,471.6339378456706,6.781912179036137,0
33.25463966115625,11.92950605127779,0.49702893378619084,-0.6714932254914667,-0.8656744720845995,57.953554137930766,1346.9754801473714,103.72165787380597,454.2321953914335,4.698068178193893,0
33.61832860391648,12.765889445300527,0.7525344660515985,-0.7349073714504746,-0.6562612715372969,66.46493075483833,1369.776330467234,70.11689386900666,539.9943087324156,5.301396017304439,0
24.102403933586995,12.50375538549328,-0.7270588919109782,0.9082165581400152,-0.23138668179208488,55.85486232246082,1390.0417626407864,97.7050858799982,474.24226946772126,5.205297841379208,0
23.08406339432006,11.871672941800124,-0.35967806221426124,-0.43027061911221987,0.7363096530581357,58.03314223624267,1334.7274378199168,103.88811753881137,529.8130057801783,0.5944798210601954,0
32.307221461211014,12.375060906068473,-0.26331167158731184,-0.28959135280798454,0.07399987683699871,48.001459378988756,1338.4370652581586,77.10799524426366,438.8666389763975,0.5138024909267702,0
19.46477158978256,12.966896742594093,0.0743452966536371,-0.35583878740792785,0.310613700014581,42.922021368312826,1351.336828894054,92.79723872845973,425.62168394199807,6.011675039480969,1
20.526364905220866,12.980242300391513,-0.4062630289851714,0.7965008903562876,0.5660256709136853,56.539862322351155,1352.2640887978434,71.81261224882917,541.5398036663719,6.238646423554166,0
28.216633973445223,11.386000059588751,-0.8787385156211898,0.12593182266977698,0.6562455766750399,51.712408246005715,1400.9693174949186,112.14584449972888,513.8885950674468,0.47174556515114596,1
23.02697438570205,11.536733444421424,-0.2622432385250586,0.8383197978666235,-0.04743091383263787,35.77371351250251,1381.0341844002967,103.31910629804102,550.7350653279914,3.7843933188781778,0
24.974390666399643,12.742459393366925,-0.4909013707454357,-0.4001501883442089,0.017586277546962625,46.71930376574402,1379.8864470423653,67.08433670371511,470.7073849493207,6.128512795604274,0
24.18278550737744,11.470859474581182,-0.2281574170735703,-0.7703306511361021,0.43601171417555884,49.171029765184464,1355.712686129732,107.02929723163962,456.26920836361404,6.5668065575307635,0
26.687872743994667,11.33872943335416,-0.6060809147599475,0.11243690544834917,-0.4733152825287472,44.89542132971521,1355.2737318642637,98.86982105219417,574.8395388147501,8.282757592765515,1
32.037409306568584,11.756902934650476,-0.47620725087052906,-0.308926016419965,0.7089794727310488,64.81735594542127,1331.965891724692,110.3282856550881,416.2372679803041,4.207322835968808,0
25.45292453450873,12.210113354737294,0.25390468086453755,0.6038136669814966,-0.9584263510483169,54.798390369022165,1376.6348045609564,92.16935132489144,568.8303390049343,5.482577811469688,1
28.21969396638429,11.948801646694452,-0.22369233084386986,0.7588468178233172,-0.6084567955805507,63.731749178886474,1370.8210920961758,83.97041198513952,572.627758911531,5.785603756088173,0
14.749139494844886,11.674718189797204,-0.30923321366101586,-0.05485297818585644,0.6003998860730064,52.63425261652159,1386.7199472935656,84.58310747084386,547.3049232846341,3.12045283300319,1
24.75640799034941,11.662893769137746,0.0678112654447458,0.9427180481710167,-0.3194835762146555,50.813878364250776,1356.7834057328766,89.23659566903191,462.1705865644254,0.538254024416116,0
20.783848648535646,11.643831467793646,0.5437210816878515,0.10602601268881173,-0.7003343346153881,40.63402182389751,1358.164417075992,100.37650193162094,455.09118898010524,0.042259262051046464,1
18.90593469788186,11.560245185670528,-0.24226408730408555,-0.4581592132273751,-0.6264904885771934,50.11929533196567,1364.4009105712128,102.95916930849585,488.446932485099,8.361254161185249,0
20.609238165356246,13.14081643863803,0.17503898511168114,-0.02204896931145095,0.06151280387213909,50.1305392567544,1378.837951510142,96.18560244383794,428.77281777427305,2.0023182252238634,1
23.32938279649594,12.148755535592777,0.9324052507363525,-0.9253794151941448,0.6923630586899756,36.32886115965767,1331.5956875580505,91.53360902006962,447.1068300685522,6.302546641591356,0
29.579512711780065,12.443379527202369,0.04396022823610135,0.6080023205261351,-0.8586985684577788,44.60472530229605,1375.7211226747675,92.97193463989036,535.4603860329976,5.770474786439196,1
18.368036411302178,11.755461265940538,0.8195951530350889,-0.7971298982911581,-0.9390381817507012,46.76717401483638,1360.5900887565433,150.15449571013866,535.7142012823286,3.9963307674051896,0
25.153157462972086,11.907021661406976,0.5873452485128539,-0.3825030229939901,-0.06966372832631373,54.13479544055721,1339.8272546409262,84.58549697003582,442.2733845405774,8.334933087006338,0
22.579152833332106,11.643223009314822,-0.8825626366997006,0.13063309400988676,0.9123748301072694,54.61350111985706,1319.3078849469186,88.84055982907614,537.1867064415042,6.98401595693379,0
23.361634528190194,10.674145832540399,-0.1418022570614863,-0.9140497487062023,-0.4419803931717472,44.18681518034795,1358.270525762433,165.87708216736297,524.9866818156893,0.22741463439172938,1
30.013789126523022,11.310995361576067,0.39663681573717624,-0.8413662016371035,0.9183410781340966,54.68869602541885,1389.9542596654815,108.42026604921105,583.0437440017407,7.766940733566847,1
27.69057718501963,11.094690660009803,0.9734238248963998,0.39223271522602565,0.7753623531800027,48.17921070651483,1394.4936933348279,72.40038668192608,531.3025043027137,5.0699881800176225,0
31.686990537213717,10.875108111024197,-0.08324741767697486,-0.8564458138784625,-0.43372984722497776,21.303799751450434,1368.107524213402,116.85374407954527,558.2219579553907,3.4701928908284687,0
24.227471603750498,11.402320512850949,-0.8144290917465211,-0.045834267505246995,0.6338961285122935,45.15297968048458,1400.240113276845,81.79922221597704,526.2392675011616,7.268846565116779,1
21.520286941646486,12.662477839690816,0.12401834942573564,-0.32260873315849925,0.37173460513763756,60.789886401423786,1360.141178340865,118.18123015610195,553.8961010333453,6.860656296462694,0
23.880705915597503,11.977781916147823,-0.7468724157520794,-0.5438411840871671,0.02364477780951435,33.18194243372321,1380.0660710328557,95.78075441258638,429.20855638877237,3.1058823786894907,0
26.21248395635611,12.645281881160587,0.5030391205587867,-0.6224422042726692,-0.15416771391425055,51.1269120041554,1351.9753822218715,91.20408301021186,493.30405485889975,9.830388714978813,0
25.882866792268555,12.205491288450437,0.015353994923555714,0.5268225874651589,0.6310055118509135,65.85261214185287,1350.708023214317,132.18329937655164,497.85594774748586,6.487084867117533,1
19.578059638833167,12.39127941285758,0.446862736754573,0.9030843863005651,0.5861588653900425,42.39387046989519,1347.4498176623872,111.3280270531849,486.59375291855946,6.057797124538936,0
25.45244890813937,11.549551502347713,0.7387236537570474,-0.7196405155933365,0.5138726718851183,50.02149080427686,1319.7894210575137,119.45978874898415,524.4137646674199,0.6988036348177207,0
26.141141650694525,12.261975477096335,0.2578960343255543,0.9193624383482539,0.9965119024305917,36.959837427720785,1386.7418451989383,108.69839359039892,534.8908809972663,2.7931878034473745,0
37.587370187669606,12.364357117037173,0.22487865850636313,0.18952500695020746,-0.042975078117232224,66.27231141663572,1348.1673512172397,91.11110952413803,521.5741392389132,4.469740023264414,0
34.38422305640835,11.711676353883153,0.5091405908792626,0.28332081072651416,0.6138459556398317,49.16667373003386,1344.971224404896,112.22708840516417,490.26808653282643,6.306257043096764,0
20.7337832472059,12.279770185308083,0.6849100029053348,0.4198527562851637,0.7249567339669569,50.46626842794018,1337.4005663677465,124.1843078536892,459.53484560851814,5.127636307303778,0
23.56308319225412,12.283093879287417,0.7381075725540054,0.40823778070916195,-0.5767948370926321,63.54300465505622,1356.9128112692742,102.69476087035106,560.3452340785929,7.630329334713912,0
17.682789990814985,11.725223689434959,-0.9271396086342334,0.6396222163713765,-0.915867115893878,56.61478394645481,1396.2698462111948,136.03285208693012,519.235304913761,2.6256771246790187,0
22.046464930182566,11.438615783864503,0.11238059359557862,-0.03306269730460509,-0.19050319562284068,41.243712675032604,1402.8755770164544,117.00974406403817,443.97623778803256,7.021569952824843,1
26.578025017951703,11.407935834050864,-0.5674613804048971,0.06671717502940222,0.713473368873552,43.52722075912684,1327.7826624839583,104.23965099543224,489.3471852092707,8.165970468911626,0
31.02926810444117,12.04325277096073,0.7206917815635667,-0.3523459950731682,-0.42179343761097954,54.949313045232984,1353.9110400804743,105.02973062035636,404.11851772609515,7.650499755829533,1
21.354580811281956,12.163504934394657,0.2967953704067223,-0.7894848124337659,0.4000203081348481,43.758789449370596,1340.312844598126,102.74474257935249,501.94538378910937,7.708465845880335,1
21.729267799661017,11.603737084771042,-0.1595550419351237,0.32928038185243813,-0.9853037218714746,28.82756687879473,1380.7667548242305,74.97522428810016,489.0891031570772,8.885070572621654,0
14.263554851306726,12.013292670663049,-0.6237915437572974,-0.9327800616274982,-0.28927113535952453,49.46759201360922,1366.7318709458784,98.1985560838279,468.4043177304564,0.841785424804895,0
24.18667039727546,12.285268518069243,-0.321952748160347,-0.44872989783326345,0.23103338951630237,35.1978733887519,1348.2686134524033,104.42372970682334,587.1530104391941,6.97191571374103,0
19.687927940702185,12.30909535733265,0.4075553890804491,-0.8115402711077995,-0.7404856198553262,66.16281753563726,1362.4514616118204,91.67829757466943,436.4115234251838,9.68678201116461,1
22.352802863169632,12.775940060061245,-0.5912809095767224,-0.6185456853545639,0.7932138242948679,51.767876377631524,1351.4516275718458,106.7535403740939,538.8516123425285,5.736506498745381,0
20.61569610916206,12.638490416099021,-0.8128341093232545,0.27746182579476164,-0.6874520457658415,40.948249432564246,1393.2849218874978,100.42614980710222,620.2689488512531,2.173163119843926,0
24.528687228737216,11.499354283621727,0.776057516455102,0.25695326040983635,0.8195870900079893,43.01367585337546,1371.9391903003207,115.47383782197537,559.2497347044178,9.987538057742128,0
16.211358043216844,12.84179310476901,0.5284206991602336,-0.15789017400857586,-0.5672213826340506,31.106024121260795,1374.3964684183288,113.26224762131463,498.2653669846228,1.7467729282147892,0
17.66477377304505,11.734511747722143,-0.6004101386837348,-0.8196560470210177,0.9885573478316816,39.00538113219496,1307.661650439342,103.34306575169683,437.62622483171697,3.355576973748593,0
35.64623556014149,12.522436406227214,-0.4153769131400167,-0.13325216708118326,0.20949742659118176,60.16323202540699,1359.6642264234238,72.65574217396004,425.086580287855,1.720621884171678,0
18.562887093629847,12.033993313025544,0.9441403542617715,-0.2945102562834132,-0.8313102111233774,72.31786145492391,1402.6642191811807,135.81445477362342,477.3646567773363,4.645128687500683,0
19.516072107726803,11.793925310771517,0.41636897351823476,0.4409183057118995,-0.8694455310426803,57.263965131989586,1387.5225814007338,97.16218002857714,462.21495963473507,4.188760096109583,1
34.18456764160657,11.096151570112534,0.22104400842764949,0.15805321639810344,-0.8501566074810625,49.07957461378971,1324.058208281594,98.38227092609736,460.4249200073027,4.912408965105728,1
39.52533584620203,11.914217744891825,-0.3847430291517393,-0.016868465326002058,0.17978549458190374,45.68040624346084,1354.731483346328,93.14958302601225,482.0527599490816,9.279834000554295,0
19.142166855873292,11.220308382347195,-0.4017497116669555,-0.026035835390009643,0.6191584046547705,40.435041864236375,1336.9696106816257,90.23176687868927,494.3764098912872,4.783243858342251,1
23.15875521605985,12.483649617921387,-0.9209527626195391,0.9325937745208377,-0.19407451645898854,70.5976589933974,1395.2220312072575,130.88116096001048,526.6866571204913,5.146263262136442,0
26.707777754702548,12.758396328569624,0.4569637338038628,0.512588443406901,-0.11032848143627638,48.112512981356254,1365.8855656455182,127.7208864077216,431.9212079295664,8.86682105918468,1
33.64348822202796,11.601544505351654,-0.9136495498862309,-0.006040879079744377,0.17857540732925603,71.15629830062504,1345.6440888053712,108.88786807155341,462.47659121268225,8.177579940148323,1
20.065714607858812,12.150985371259635,-0.9902853244454419,-0.04155477422204479,0.06608120957271146,63.935195096100614,1361.6831588708158,97.84999691138549,491.21803544476353,2.397220312254442,0
23.77361077028945,11.637304238996013,0.4589901757219583,-0.9470417973900731,0.37612346620254034,32.592035686537265,1308.8526894186302,112.38235970027506,489.2483143617202,0.12925955228850206,0
28.88668788030872,11.685757634931605,0.8977475142982507,0.8850185266396133,-0.05642855967394689,43.34047604240708,1339.3007739308684,101.47593963538745,601.0033039077382,6.294995922020511,0
27.173830372333093,12.387247351932686,0.513006095454621,-0.3616520564653407,0.42772137012813505,43.309548758261776,1361.7288745165263,96.19554163353803,512.7735625998122,8.448498238375201,1
23.119219643849505,11.980730869078293,-0.05671961875124265,-0.48812183623851246,0.9946214850932682,49.201536358942604,1377.9135073690663,106.7621184301266,411.2525603422316,5.5285011261040005,0
24.330885177419795,12.869824020965506,-0.027909500878253946,0.9988178507753427,-0.29940431550247015,49.396857468862464,1322.1737175880533,91.1768450610911,522.9999748872721,2.1117692001284514,0
18.12552095815009,11.758883760648539,-0.1277271547017893,0.4373793430090489,-0.9755690741692984,79.96239095398143,1353.3768938459514,105.04528528006865,530.0115047509188,7.413550906753068,1
23.809131280126675,12.499668166237244,-0.3507126657793327,-0.905272453401424,-0.7487499088966905,39.22772125525241,1381.1937147703763,104.0844185124327,493.1179584465394,6.695392826112699,0
23.668062549955224,12.04870670647889,0.04342842837168037,-0.8762290459488471,0.10702836997390763,52.2896993566439,1331.9709335125347,112.05872042515848,433.26318290749396,5.650325374085528,0
26.16084944813128,12.397889004872116,-0.13769808571776987,-0.9489968720796043,-0.3114844257106959,56.16507742467803,1365.5836566956834,87.61726085048782,596.6930082422405,8.633361740209837,0
22.223363905904918,11.776421171335027,0.1963357600815494,0.19923779902573813,0.879965187409985,49.98427995530804,1362.3194900621202,114.20272705753081,441.15638475303086,7.842423529390327,1
27.357692612725696,11.975220581224209,0.796240161002189,-0.8568709998760964,0.2548921802147659,51.10180577781358,1395.287606407132,81.8737701409899,536.3424713528764,6.679520914227803,1
30.063579089099143,11.942250560350532,0.9900188346476206,0.8667767136898612,0.04071037193093585,39.55191105693413,1356.3972761377672,88.54866696757523,511.00277909851644,6.647586690232183,1
25.77714663834233,11.581971442577107,-0.8425134202341658,0.8738130800453558,0.5960790025440375,51.06486194602682,1357.5679880324985,89.42149881708512,533.0445801966373,6.622026342982749,0
26.758782041996017,12.331040767290876,-0.2306330546773172,0.09210813349615954,-0.4828202579018097,55.11398996174372,1378.0991950632938,78.55896455252643,593.8771858292032,5.25164744916564,0
25.265776737889336,12.325124502789182,-0.6385876084663811,0.23327786279190166,0.6394770805647194,53.276005842711285,1334.4730266390131,120.31324566771326,530.8901379677569,4.6392164464384695,0
25.000421965457072,12.296777347452784,-0.2957590521489326,-0.4162111969495004,-0.9938777902718141,55.70200903912092,1356.582335868983,80.61895047620405,469.2734675126057,7.096004594987196,0
21.39220983228576,12.768482826958822,-0.425053962903154,-0.8720549151834533,0.23935472427143534,64.12607900636232,1351.8854997831897,86.02167325186656,560.8295751320378,6.104944814702311,0
26.58247130836654,12.724672400618152,-0.6509257367464234,0.47492089038363106,0.8695143020915579,59.369665419143416,1358.221763745898,125.10815420973285,465.28953024757345,4.899805623005431,1
24.513567007932554,11.812527655075431,0.528152106842581,-0.7964280225019651,0.5757199040677401,50.712946134974366,1377.9681289792568,88.588345962927,508.99569062673976,1.266613539110416,0
35.465841544652974,12.18652615921709,-0.007422514341528297,-0.8288847179632137,0.7072683842947187,38.28241648116722,1372.0832297016434,96.23714629723807,428.88040155913154,7.0192878865316555,1
32.86677451237621,11.688199655370894,0.8384911644344515,-0.3775537815915524,-0.206090609656999,43.9999472528888,1346.0263538294264,79.75941998166928,443.1695324964786,6.459985705779654,0
26.929232762782505,12.011677658057279,-0.934815113505971,-0.9750686803242359,0.6484778922002525,47.80368848082585,1363.7339840665443,116.6590241524537,502.8262668739903,3.422484259735036,0
21.184713951526163,11.700125275440568,-0.8660439737360202,-0.131928768487368,0.10166333006053319,52.52345831341447,1390.8088322820104,116.9347248838213,520.244768971948,3.5632316621507676,0
19.43794264008291,12.810035154568025,-0.1934528341393118,0.41536182016015344,0.23708047300639778,45.21667238500605,1344.3726860240538,114.77891808246893,406.3685157519933,2.4672238413525225,0
30.955714765444327,12.181849075171481,-0.8394453591919258,0.6026978628438779,-0.882169321328393,40.642668008156484,1363.9033356079403,110.75059656387887,527.3508052400365,9.61915256365019,0
26.313746125735694,11.890985435947789,-0.474540807170333,0.20861460759784256,-0.5968966056512157,38.11801310879663,1357.1367864612275,101.47178222038953,454.93140628709364,8.602013628687226,0
27.400717016958055,12.596809285928188,0.9720594861532472,0.6937484062278252,0.10192883102710515,33.48822240944469,1359.7398996832644,89.51246666124031,570.3828408619141,5.610490294122168,1
16.27707006512904,10.914692295102295,-0.5820807850307719,-0.18699559246577935,-0.8823978843530047,47.65049296225431,1328.386847555012,83.70061386667959,480.64195641465204,4.0165314655851425,1
29.637192407790906,10.992948702567356,-0.6037645171758186,0.6975441701209533,0.48289361317542645,35.30334557929695,1389.215257086244,125.7981105352334,438.2007751747508,7.368252636964233,1
27.272101691071814,12.397919327609888,0.14728133759141815,0.012946620996758584,0.6801140170438031,39.994743158426076,1345.5129619822364,115.2960854345318,504.16925068775885,5.277281761259972,0
19.44784657792761,12.030234224058685,-0.004003418413686566,-0.5539277440034094,0.8407247225896097,46.060981271556976,1381.5214394030706,86.13391545599151,449.6070749406701,9.75851033915114,1
22.642375962750254,12.125223150130381,0.16087659440568958,0.8882912933209319,-0.7964630816403881,36.640826906085664,1348.5724678390498,100.79663536446269,569.7919827788219,0.5512261392215456,0
26.318586021782597,11.336801948340726,-0.24652944358290663,-0.450058252325767,0.8794404960456002,53.79752188498697,1348.489906962085,93.99769814029973,500.02916141432047,0.34285734053475125,0
25.26233399178122,11.988383144574817,0.6535247197898941,-0.9475970316244138,-0.86475998474141,57.40223063605687,1385.2624650093094,77.435785885885,491.6577857298692,5.686110179733733,0
23.539144070982225,13.001754705200671,-0.7228388971150743,-0.5146519140899461,-0.051887568144369345,44.505729802246016,1380.8776920695584,103.55302753242604,532.5490560412054,2.0327922268890672,0
24.482558659670197,12.412099809897931,-0.14321470831706873,-0.2666248774851445,0.6805020412556235,45.62972692389998,1365.1733179792795,91.69014671521609,444.72789084398386,6.0430416355019245,0
23.740113108965573,12.084853272571406,0.3795236968881741,-0.29730063342147184,-0.8593777228710893,55.37429770139077,1376.2230109961265,80.94926667408629,429.0965489569317,7.814230285471774,0
25.762812560512344,11.78047304494753,0.7364728805657994,0.04933501888714331,-0.9635378540220327,42.86004902765321,1355.228944394872,70.41734891716476,522.45933686929,1.3810976118487284,0
32.35745986496578,11.802713574065303,-0.26085678728648465,0.766253764071847,-0.9501045625866986,42.17266088402705,1360.8326474456221,68.72392999588658,439.5181110595155,4.406082241895279,1
12.166707795343513,10.935401055399991,0.13549119818750555,-0.4153235457806017,0.022540478872067116,61.9649847818629,1347.7675121507236,92.57147744610721,439.4994415437799,6.886670834493552,1
23.81574867745158,12.12882021046058,-0.861720109985477,0.041541215918337704,0.623193489193326,58.84187738712787,1379.081298986005,98.2981005915017,546.0215817171488,8.338635706729713,0
25.882562106862235,12.422741554240927,-0.6593618237763421,-0.3197220926230413,-0.7451466578548007,56.015500023439195,1347.1317333766528,82.49398379675368,528.8785260491167,4.963440900363572,0
26.479969948435496,11.212190336414693,-0.861723675067771,0.6435461187464009,-0.7507794918409187,59.25644621394093,1390.703126898757,113.01478855314456,431.0393751650899,2.061535869060216,0
23.14042709339355,11.669291553846591,0.4557617839970438,-0.6847969734230432,0.13709371009958327,30.22721274632637,1354.6833166336035,98.68906916434075,465.9475176382265,5.857992555856329,0
16.216391087607086,11.42126768388329,-0.42388006255571864,-0.792979463379883,-0.5314087983761526,63.53835546793107,1361.4101712803267,111.537706211973,450.2947644229524,4.545170687249995,1
26.63997741857055,11.517324402595618,0.4474905803836755,0.005990506475203494,0.46042747028974773,53.920621165837424,1376.1745604130867,96.34178419624584,597.6975613922319,7.719254270044859,0
33.63675107082092,12.02674081341095,-0.8672034419134509,0.3437751715309838,0.8992707763534997,60.10781384005735,1361.4772884237916,84.25764729585788,549.8305735163834,5.5557606420294805,1
17.33069297541931,10.957798922505763,0.7250956008166509,0.591050402181533,0.5320668132008262,53.87161779116363,1355.0418337142937,102.28235142277228,476.85353346970993,2.794228449704308,1
29.319140068490942,12.307135219178532,0.6710603962221833,0.17924970581063282,0.7543507327578329,50.48924824680156,1360.3995310438306,74.74650975963355,531.6907079138921,7.543929197211882,1
23.35737388438553,12.37692753496684,-0.8221425138994347,0.5476995226380013,0.039172115143340624,47.24690787637945,1378.8763670711517,110.78877041273296,425.4097597738044,5.177470129619596,1
24.693378270855764,11.874448705981544,-0.952486987085627,-0.21457988287815244,0.6646386084350666,53.671443768862055,1347.742955557266,81.25701586973733,463.0044616845779,1.775465522783275,0
19.735507446480256,10.75964574500773,-0.8874223740360176,-0.934264659467062,-0.6341936320266353,46.882520910954476,1358.4752598545347,118.36465053066898,505.7674796268037,5.630723231419945,1
23.327719138220615,11.501790686998806,0.7072603462934679,-0.7678013841968869,-0.8633042192087452,58.67876100065112,1361.2057345467495,93.23088507516171,524.8726912030252,9.483200598458728,1
31.500222973494793,12.616450967051348,-0.5305930218962085,-0.9225547975420076,0.31190622024937187,34.135433554478,1378.2917039105532,121.25067032619833,494.63974809676057,7.055162609377361,1
27.913276209938534,10.611002859635715,0.09654663571637734,-0.3421126990470147,-0.8960949924838881,44.58424138205722,1359.0030925225713,77.5475362282337,513.6407430892824,2.9880336145797894,1
33.66155802704972,11.82623829390324,-0.14751159363988653,-0.009017317462635344,0.784962838279361,70.44823248476646,1397.1659818898745,86.44460598542359,504.30850529742196,7.1087317529285805,1
30.887059444888468,11.40999961076637,0.5910510524572041,-0.28736503268612124,0.38310829421483716,43.73919536427608,1357.8692284456981,107.61869893697141,491.00324288877255,2.8260631100217894,0
27.195433394647882,12.402285150792418,-0.022203397058658814,0.12119895013278437,0.904401450817824,47.61316276936522,1356.2463272318944,123.4099418685351,483.71199242950087,5.426888375412618,1
33.71967263083896,11.662443023928269,0.001321681322539403,-0.03878170301442463,-0.3722266873735287,41.174190666499236,1357.5793575676453,133.33217816629843,476.5554320027219,5.265957637875528,0
27.194965793691495,12.201977010367806,0.9781838789998047,0.3558856037278806,-0.027683381596758316,53.358456728858236,1334.6671714268398,100.82732327361745,512.7565629745724,2.4739087891180365,0
29.139940883985297,12.282730209584546,-0.6997408865014858,0.3339243271268124,0.48338073009023796,42.63735109857805,1340.2654630648262,136.75491261573512,522.5948574059701,3.4788119987981805,0
23.51714523232646,12.91811291986501,0.6614078774918628,-0.36387170578264105,-0.5144420290783589,48.143890651929496,1350.386662205218,94.20670900349138,510.90975420253585,9.421814547860457,0
25.332729079296023,11.898529028162315,-0.8965005087922304,-0.30757108927781696,0.08369764022333381,58.48866536035071,1383.7165969770026,121.97535244725945,435.1771622499417,2.505985364154336,1
21.512880883498617,12.188022184811306,-0.04470246085405849,0.1702956432826066,0.31893455001095616,43.01236581185184,1360.3374788127599,81.15638006081389,445.05896818712466,8.01027043630986,1
29.947919672974265,11.257472260436282,0.7726696478660471,0.19286493578168362,0.9576173088940825,57.88611119265221,1351.3071162076858,108.40401013726509,521.9384993271437,6.6737058001214,1
19.10848188442567,12.595206781646873,0.33042793120824254,-0.37060017272573376,0.4894065884847696,58.222293155603566,1385.5306949121318,53.16613918287109,580.9420315368983,5.326291325257645,0
28.911751712088307,11.619745575964318,0.37042923873226585,-0.3393642284491496,-0.763738299441852,60.54956094719294,1392.0235426578452,77.56817976693753,508.38285038573156,1.3751486946516345,1
24.046744712474204,11.719622917956126,-0.4733654354870289,0.3880900263722942,-0.04933309723337942,51.4054099491804,1386.1076492181553,109.3335359616153,477.3582373137653,2.045707527063778,0
30.856235467336596,11.988876102575395,-0.16285041727709149,0.2948216457521391,0.17754156597914417,82.41259076976786,1343.9382000552969,73.75122295598953,512.3387250493527,1.7897762359040392,0
28.7543449436563,11.218557827330075,-0.266837873001899,-0.7298983906404506,-0.7067537142712945,60.545336965420816,1351.0950275961268,108.5389922157837,437.4748217617614,5.867942589737524,1
34.10323078823401,12.11438501446447,0.04288642031598844,-0.11791624064921313,-0.13606788603784326,53.24877624406827,1397.2747214062945,118.12916241624727,571.9918736095055,9.73383196718478,1
28.653873455693223,12.483733136462506,-0.07554413971266372,0.7854121574211805,-0.431988367328354,41.24075585918265,1365.8227938400005,89.97359614563445,510.26267794794154,8.772392627749948,1
17.139798721733797,12.146466911748647,-0.3462032962460213,-0.9273886477910496,-0.7623449154759481,49.02940874125859,1355.6474587020784,80.62094088651604,463.17985327341984,0.2525188292957725,0
24.665234135508996,11.205551217910637,-0.38903877525765984,0.7103278929684274,0.024083866926909003,64.26326976900035,1375.3669592266167,90.51626768290522,490.82624936489185,2.7372662446234655,0
19.13996403702592,11.93809535283517,-0.4982942166897557,-0.6736436858717127,-0.6687338379753092,67.09534615626268,1381.1459813471622,80.6837536163163,471.01300723650115,1.5725745893702214,1
22.408600788168627,12.371014451489746,-0.26990550623048315,0.01449726492343184,0.1810748171714467,64.78329100440229,1349.5710085814346,97.97572883968165,572.1418487249259,9.756778418979017,0
32.55614216638361,11.061005617017045,-0.7001170441318787,-0.15132714215397702,-0.6606061355162691,57.8519230672962,1365.3887991723986,102.04181249776164,488.87679508041174,2.3561023459781505,0
28.18766905448848,11.462616993091142,0.7442086040071476,-0.9797413253170824,0.44718984720564214,37.44339793704428,1379.531201384341,93.87979753806383,508.5451160363576,2.013131850387939,0
21.50534785710627,12.43827180204076,0.20423878366685466,0.830793874179264,-0.6095167539406592,54.8716181782567,1337.794257080803,133.48718480373643,531.554955115821,6.208752935822592,0
19.931413167798006,12.135047717098644,-0.7324271488122891,-0.09014954533138875,0.7925702015522991,37.58597621947003,1361.2469091485227,85.61192360626049,459.2578367929502,5.561865835747865,0
25.163910464381303,12.205985791063377,0.38771866841800273,0.90853655352123,-0.9475812869023823,35.12528806619241,1338.7122069389857,127.82866358510624,510.65402063743363,2.2585148378123487,0
18.91719925309436,12.929747403811655,0.6953329359959464,-0.42651219804156426,0.0439947740914719,52.39158684577239,1341.3283900614638,79.17521527375773,515.0939563166816,6.7036486453724216,0
21.644298613017096,12.234276389253102,-0.5249286558954822,0.7325515468319448,-0.3597904682269062,55.23199447269751,1349.737998450394,101.45555139883098,414.52566484386585,0.9700721129468914,0
26.56004735775622,12.32894400521659,-0.6987988113254722,0.844779147991261,-0.5498469484508184,59.033770984808044,1370.5423907575894,123.66210817096139,513.8983068827686,0.19369066030892168,0
30.77656018053348,13.355372763609163,-0.9827654857324959,0.11366483274156125,-0.05679444166970393,54.97136240386094,1354.5595474272372,122.62714304506636,497.48308642812736,0.8241479070634683,1
28.043807361122198,11.893097720954755,-0.9054993222870298,-0.594644424264565,0.6840390726485215,55.31585985742748,1348.0316375006319,91.59484204599529,507.1481460663798,3.6486822597577264,0
13.5435524570095,11.601058618190752,0.5245026966070232,0.37049486421144007,0.8305544110532974,40.153474150076235,1362.0310912664993,111.1013944014269,501.9596342419812,9.750163278748174,1
26.5218336451513,12.213898199123566,0.9743726640833876,0.09795613305892026,-0.3935027637043085,48.950233153153334,1338.0607454346714,108.42358167328452,514.2543430122545,5.472469988093639,0
25.36016786616289,12.219495514694447,-0.9102393550474468,0.8890593317052518,-0.6915127558098575,34.92883214365512,1369.5760643566782,89.2012164281452,573.5538774121887,7.547261030154671,0
27.069451426863466,11.736642304026896,0.49614191815978526,-0.12145587637901634,0.4402808951326145,29.966308705998046,1383.6277352391662,112.31899874296148,435.127092335319,3.2149575223155935,0
33.08104840825604,11.483801490222577,-0.8562756683180799,-0.462972704720356,0.1639974509119766,57.40642709843074,1359.4159191802398,137.24984344104746,481.1816215474769,7.1933906548332915,0
14.683808615976286,13.154922211045038,0.18426564980733362,-0.7234259970117858,-0.5979677026448802,42.468756062090414,1356.947020133996,109.4340133012526,536.664024592956,9.661811981223575,1
22.044482874044473,12.163421735194012,0.5121505648564757,0.39726713737335895,0.5205915761748732,58.724985021430534,1368.4688070643115,111.32712758141342,526.4509227250351,3.5776089028205327,0
27.954531613966772,11.633857309298962,-0.28159120546452465,0.9482192379611645,0.037860870484282216,61.08347577880039,1320.430611623369,113.44309956401415,525.2673054338146,9.99059434735025,0
17.092028002730288,12.457965151139799,-0.9781305577786725,-0.943312458857203,0.3067903990148151,43.80682675376802,1371.7363491319572,70.78046785289719,651.4467468620336,6.384099510316661,0
32.379745240267546,11.945427424219332,0.1903787042508518,0.48089070955625357,-0.28132193207322254,55.90311094555299,1423.0377160748972,109.20449346412578,533.7774538264189,7.4859141246472385,0
26.841783063503293,11.873559276841084,0.9824892562800556,0.8538607251193333,-0.12180487739524803,43.38843271386359,1358.5464755777057,79.66480850322945,562.2015787940263,2.5216723884814995,0
29.23291992921702,12.281136435957247,-0.4847651543230085,-0.8504369315453013,-0.6393158032501156,31.54121125373176,1358.6174993256734,88.20226118604401,483.11103676311205,6.430907691772417,0
22.145281692391027,11.354058865884156,-0.6210174456255684,-0.7796599097877337,0.5130317352906819,51.23309404442458,1375.8721400019936,143.23883562377006,445.3898194356495,5.110062514623874,1
29.068818449831053,12.176313601958586,-0.7521482144929701,0.3839141968994173,-0.6859773516964163,45.29126120284239,1393.9066533639593,94.9347678068238,482.7125413921501,9.56402645477436,1
30.342357779945193,12.956477403865875,0.11051123980011224,0.2959267517915767,0.5566051895021227,45.59910989412868,1380.4993568886828,85.19651791411546,539.1578094238872,9.046750477895154,0
26.164390100685843,12.233088831098655,0.1928901987205467,-0.8623451693675086,0.5960157097691721,69.75343117845526,1317.887862428329,123.05165157802784,522.3755320156047,3.9667259892507722,0
26.17200446349348,11.811893948108267,0.5845416743408047,0.6688455043023129,0.4932019281102433,34.74143017267328,1372.267976753255,81.04645994315246,522.1788253829384,9.468697515382335,0
26.35171619640863,11.74644735978588,0.5061465472410194,0.04684769568978475,-0.9611544238825191,53.82871135371471,1412.4386029048335,91.05161711620646,488.21105872615794,8.848125527500097,1
20.68327367630309,11.794830013327445,0.7850829895901743,0.8143947466732251,-0.4537335747866529,40.051927628552484,1373.4488209351894,124.98104335972334,479.44085596528635,5.903838503691392,0
24.262356598798235,11.87301866097611,0.6115453966846027,0.7559817619854088,-0.06332451441637255,59.08261409267324,1337.907961734565,100.85535130615919,490.1078515638697,0.8211790878954028,1
24.237387337738205,11.811096733620865,-0.5054658338411111,0.6250155381003315,0.19108875743359155,52.98431236175066,1366.6365924883723,68.76805909746942,539.8461497590868,1.6079024065953773,1
26.916969321767475,12.458155720537283,0.11175480975152219,0.031797792488842624,0.8384441987381004,53.79344349180614,1335.3862549731787,110.87979228645239,546.240008549373,0.7687424467380022,0
29.999121234551474,11.133395448395508,-0.40517608181284004,-0.4965787165011355,-0.24878805574259544,40.5511038239774,1385.6560737853772,92.07068235906982,444.65670926808247,1.0799311464906103,1
19.707319590107954,12.431000025206068,-0.3404292408969951,0.011951007822265103,0.7500466375479082,42.344120867116764,1341.8823482394414,130.7970297306049,541.9288407687297,9.769523743930776,0
24.374954848402112,11.81015673742872,0.8638887384599927,-0.7983772443964399,-0.6731414237263269,59.27250507345886,1362.4848726938405,87.87626104731733,464.2103323084074,2.121672992161523,1
32.407277738294866,12.188473892847686,0.3637918101341471,0.3176922969468523,-0.25743902498274607,67.70797721727563,1343.844399960163,121.02451947451853,525.790690851258,6.90854582340663,0
21.28205885593718,11.436506044899568,0.9491808265022117,-0.7320455615419847,-0.895435978357354,54.80307817224187,1350.0710388490402,135.5139606473143,489.44188416456313,6.365282576827696,1
20.8887499135484,12.664315533424718,-0.16617492656251098,0.022345925001446165,0.48497858211124445,41.02579279228567,1390.7230129172099,82.98113552376859,586.1183702081441,6.311448648530038,0
26.01153095915597,12.622817480085937,0.07487514670795314,-0.8912360516663644,-0.6986944851341741,53.38938522462068,1363.069143297874,96.13573958483614,477.005895406037,2.067039995960298,0
29.221925952426602,12.479795262875037,-0.02576916016715658,-0.40097501945070824,-0.48595996870308444,74.2747204433761,1349.8159505254855,107.77250548288902,509.82365124921307,5.793465943846096,1
25.057130277803296,11.242622612103231,-0.7854258849525462,-0.5358390786604244,0.5504665043864296,51.02422810718912,1338.0954405822656,82.85308494891652,533.3626236657685,6.255383495849516,1
31.644802952184946,12.414560535533026,-0.5265960109467933,0.24006308542334098,0.06943343484541997,64.618408593936,1323.5659702720113,105.40589893415661,451.9322632432415,5.704053166451111,1
29.283969912832635,12.202427543817855,0.055272721208964315,0.5735734240450174,-0.9720545611630749,42.59670634161288,1335.9743873295463,95.50159424988016,495.992861951518,1.8616246727567864,0
29.20910033445031,11.197364376433717,-0.8652513897339875,-0.8853940909189477,-0.9955295905052057,49.57913948363613,1363.2391848288876,95.0986485681327,485.33783134572747,7.2306059707470896,1
27.770582506620467,11.987851308114593,0.8629238586177785,0.7005673703107684,0.021321263479794128,56.19565206125542,1380.6046753744533,100.97876785416223,471.7402584126715,0.7324316191651103,1
36.63826550173042,12.18226724451663,-0.7523126361132584,0.721535389909209,-0.39008897250161034,53.97328308262864,1349.792970151556,101.42529431157128,475.8152349184218,5.912000118196219,1
23.97419155566978,12.278037636911575,-0.6040385071661858,-0.31546185142395444,-0.6393771080096458,42.33611319888839,1392.4108720143804,103.2776153815208,561.1608028975237,4.362593324013133,0
14.982388539667431,12.088630683474427,0.5306424478772731,0.31800813194064426,0.22718787543222185,41.904825428694004,1346.6499915554355,88.02347309086431,467.0797095881817,2.502865931330737,0
33.021271807585705,12.14561570842369,-0.8061309164213726,-0.19477393659310094,-0.5431270565651458,59.882844031026586,1356.2397655424024,88.89656551300493,531.1524335469384,8.073889890261388,0
22.711502845215872,12.736805696126547,0.8005561992308188,-0.691618235620737,0.18441429936989584,61.91550812650145,1339.408465593255,97.62824822350339,517.3027251117129,1.758925666721839,1
25.539402221715164,12.61301695495534,0.4514019414450712,0.05732483712622072,-0.24146809882745424,65.1214355812192,1380.815234691357,99.10484717528409,423.16609363236535,9.32981759897951,1
31.547753424302634,10.566472523108628,-0.8627582857822822,-0.8272806509968067,-0.6265075646604206,68.03930483252867,1402.9502122808913,91.22301320106766,528.5543191134543,8.84565028321187,1
16.988702294705373,11.841280722581159,0.38369412257130575,0.7569443107919758,-0.7237905242625027,51.34619436322596,1325.763660781276,106.47879284172036,422.2567734633268,3.6058754716208297,1
18.741763929469304,11.917674486228025,0.2632570843426356,0.8485795188192171,-0.5262787937454239,46.88800755768406,1354.076758627306,63.70476502649606,534.5450505490838,3.051529308585933,0
16.993610314405732,11.123950713636514,0.5146988654798372,0.6432262740228072,-0.9403357839740298,63.50990938778469,1386.2955969410007,85.39067482182097,472.10445962780335,1.3748668341890213,0
21.02931854987288,12.047091529116155,0.6563957049786717,0.12505624151195716,-0.3837460759274631,57.13069281851587,1332.061089571488,94.40144347594291,500.4601989291049,9.163278159339558,1
27.19818303008497,12.624378886205253,0.4367011263463101,0.11519718225090991,0.8039093803635884,40.175447413324086,1372.3336781394216,82.8776962593879,428.81460277055135,6.27531858823272,1
27.620939214063856,11.456716070204704,0.17235259054194385,0.9692147532018596,0.6627242517660565,39.663643344810886,1385.4294440041515,132.58396029617782,506.7310277982649,0.31783582143403155,0
26.381370896642768,12.168200469344937,-0.35507336283644464,-0.5041966203376342,-0.2559924865606822,54.91930201356309,1362.5645762871368,100.37723693449904,550.9822729883841,5.109994145616104,0
17.936170580538167,11.54208826135178,0.39454732365985823,-0.848103268189585,0.15166723716360764,48.227253385160004,1372.0052614188025,103.53539356451806,455.6169014587559,0.8579894782938691,1
13.44948281683678,11.664043988160161,0.9139431692615589,0.12388184720235551,0.13472111802811693,49.73570045259302,1396.2180477225522,90.33538584069079,466.6058102620794,5.737506849528417,1
25.27176792695191,12.738696817085017,0.17504356105774854,-0.3424288043797934,0.6574750783874246,60.72533364710195,1399.968531082023,99.68442159254079,525.0041562962119,5.089617183208125,1
22.64111983180832,11.728721089944088,0.3286897368685078,-0.3553224543839115,-0.5274197969660688,57.59037144985036,1359.7606557393103,75.69493071394533,526.3790078005817,0.8284604550272201,0
27.29692885858306,12.231106244505312,-0.12574391560039855,-0.9858292916601039,-0.4072250224139753,63.29873248418431,1350.3524430140153,96.60365927809853,366.1201385875321,8.158605931167727,1
28.50976813110635,11.064390941969506,0.5122416194861488,0.19247881909586595,-0.396429132508777,30.684638936266335,1342.600397778526,81.25983142808488,610.8473500080526,2.6231717716627765,0
25.69120716029341,12.93115878069744,0.9953347846772718,-0.47193259544877186,-0.9182600204566513,52.53397917221201,1380.5392830085743,94.45192830487674,529.0704415951582,5.41484364166699,0
28.80066542687927,12.30132622315325,-0.6792213518645278,-0.624282903614638,-0.37062427342161564,56.94688522397207,1333.5644888441807,48.801668673950054,538.3305264349128,6.390388766305344,0
26.146056870575343,11.908750078674869,-0.5951894409924754,-0.9191361372139926,0.7558275531760139,34.734141433123156,1355.948519240176,77.43993583112949,492.10527543358904,9.623045335751666,0
27.650323528007334,12.287773254999948,0.07887551732877895,-0.2712768470487774,0.823975295142962,43.451043586900276,1363.0537954190893,129.27852809028667,397.95555702962656,4.938116928798459,1
21.476633685650587,11.295090285526095,-0.03724920547668353,0.7579377447729148,-0.7807293084628992,41.59514837671081,1350.939949745625,116.60795498215084,537.1097133687632,9.173157722879235,0
24.101942930842707,12.591265370876329,0.1431395690134376,-0.32665838480525533,-0.0838829167631372,50.216981710599164,1366.5964053003825,126.38078671830462,468.91465844730124,3.548573413476989,0
25.983880483284786,11.838007612251785,-0.9018519045514539,0.35814842023918736,-0.23730219682472176,66.27853968694063,1412.2902663658551,127.75442539341847,529.9162431800837,8.57437201649995,0
29.102642377087093,11.897965242475783,-0.1914470873391021,0.5130939268038146,-0.021281606753224214,70.225894046649,1358.568028193069,113.45974848328954,487.96594113554994,2.3582622695141673,1
23.03129413887714,11.754172192517258,0.1659565241311216,-0.34379838161960086,0.10943904811735439,41.85712446926718,1352.291887451452,90.9426262924173,513.0921658514008,7.0747976243541775,0
27.60583627866056,11.709674298627208,0.17038270260992538,0.6432814700240825,-0.9594824799645079,55.26557250493574,1381.306636487637,79.25498107468755,457.37519902249153,0.8861199375499651,1
23.670806040423106,12.347335305814203,0.3146679235367471,0.3837593193338982,0.6844844958423215,55.58797852142315,1365.7916728829105,122.93489210899394,547.5413918473413,9.860503566836593,1
24.412289163359347,12.12795342505211,0.4404320580053276,0.11848445740190305,0.947328146346677,53.876257715147474,1389.7867154242276,101.29135948774781,434.63915282982805,9.53936399862368,0
29.147595210120365,12.32587407070152,0.28309440668171315,-0.9980150718987422,0.3068096240072846,53.98979634739234,1364.2937523963944,149.88045632763814,623.5063183936554,4.422136385173777,0
15.034698144729221,11.995602655257214,0.58048631077887,-0.9298184681543837,0.3209044769867384,53.03742502451328,1356.0315358405794,92.69804047978492,623.0871749242857,5.239352179902536,1
18.517638359626197,12.256599905538591,0.24952126936918329,0.9817316882121268,0.05595971566141689,66.8757012080642,1325.3255022381088,139.45791709560962,589.7984772006581,5.977748623180221,0
17.589073012785896,11.79057562803748,0.075015325074409,0.5645678470071187,-0.3314531765712365,61.02466514368058,1328.605306123765,96.86416418608489,570.1513442175981,2.7503755968967,1
13.331919400758476,13.114865920704775,0.21239285777562178,0.8751305175458941,-0.7020443516409578,39.39846102401733,1324.286026191458,126.720971945174,495.34984029714974,6.744714352051626,0
21.608677799224118,11.21603479178475,-0.7976132664933353,0.804606409836055,0.1681266853921013,57.95721080880549,1368.5867833256848,133.9338347446491,564.1600688160964,6.98561946604516,1
28.7471694986387,12.630468661781492,-0.45368691854896004,-0.9591140337144983,-0.9101171929815859,58.92373374511452,1333.755010402651,79.54100143638576,494.710292594813,5.250764923252756,0
23.575579668087126,12.683953725360485,0.0547995613162624,0.5836945795821478,0.6490051353837478,53.149672871517886,1386.1115473183877,90.30003843418262,414.55653517650813,1.477406924852177,0
25.98895040970926,11.573920597017203,0.7459744308034142,-0.09770851197769082,-0.15817660105876907,61.314243705027295,1361.604931297119,79.34041548602939,582.6760777716878,9.191859438916,1
30.446087483553963,13.114636805277987,0.35810311257598615,0.5791164080013114,-0.17049155167605035,51.88074034299037,1356.1162616179665,75.40111023483553,562.0853454607378,1.1504508234561528,0
31.638430661338457,12.49774514147266,-0.8191838430562048,-0.9865684316732297,-0.34565828304818846,52.00467721076251,1344.1228984959132,113.341337010499,498.27634907895106,6.291721687105114,1
24.654310326369302,12.485569503411456,0.18454990088880874,-0.4236013975988715,0.9387077773971728,51.21240544677043,1373.445174965404,96.06743259501957,432.61486584678676,1.0308859660975511,0
31.76792944784699,12.014011093512938,-0.5565240247258021,0.5026475515826043,-0.6501660944585623,29.81755914200331,1344.9100436091517,101.04732646380272,467.75896278815645,1.4610070913292261,0
25.460633292170545,11.891386920890662,0.46803311957744587,0.5860415772031795,-0.6973843570495777,49.19601606094126,1341.2924399186024,111.1247826994656,399.836992831187,0.20538314028828997,1
20.81300888086269,11.895295586480197,0.6548817050174944,0.23942920242924792,-0.6689369969099397,43.31749425545429,1384.766998412107,62.852263325701706,551.9794468939888,3.6336408385675956,0
22.027998239006322,12.19526529815976,0.1869125451799467,-0.3974876211074725,0.317054965701528,38.135520218074426,1368.0924232155005,125.7353200791411,411.81800682247007,6.395825644220379,0
17.59731743717492,12.700593137516949,0.18272521950341947,-0.37927481742427416,0.9837906374591967,64.34018284739523,1356.3014114350347,93.01811673320165,515.7756978580672,5.21544219732872,1
20.559330731331737,12.09065710893071,-0.32281711357837195,0.9335279272840653,-0.5290496591964906,55.04207518534458,1373.8286596946743,110.64802612475715,453.5968658721172,6.745391512484858,1
23.209916559627853,11.544278188431354,-0.10749995767738119,-0.12157564153159095,0.8112347941349756,49.701689190554525,1361.178637462214,112.41425678457094,421.5313105250288,6.750188608709529,0
29.01792509689301,12.41221353119249,0.7282167076306909,-0.10574889951232591,-0.4427668815836552,44.351966488975734,1368.6602630090338,127.41593121527681,513.1095301303214,1.4017374399423865,0
33.60384915582992,12.460575373197397,0.44664066193431307,0.104665500481399,0.29579984025060035,52.961695846287405,1344.6630419524909,97.90285224433933,481.64103380783826,0.5733740342171556,1
18.0890924231148,12.327329764223894,0.03950731939168617,-0.1809953262712225,-0.9190020961332646,59.91436093317513,1402.4079721782125,57.527250819141386,546.1004007983952,6.253581404346699,0
26.964137341299594,12.372749453262491,-0.2635352275032581,0.10534312919482836,-0.008692050847622035,41.73034156453059,1349.4076006464754,101.14255226907122,430.28171021992114,6.532243049752426,0
19.79728030421233,11.864535934921095,-0.8992405234228913,-0.13532915446488425,0.30913993255796357,49.9517162772339,1392.1203265389995,104.01413716323202,458.3476944989398,5.567037351417045,0
27.37348544231601,11.53550541643471,-0.7139851973472298,0.6534298392043734,0.07263955444525716,58.68066498851172,1357.2226230139104,79.31478281719765,368.679678533001,2.4576246632407073,1
24.344566746561366,11.56590328467961,-0.6139496209212587,0.8181020395965679,-0.5243292302364178,30.6399887091587,1377.1419423130992,102.94981308865877,379.86093247196425,8.10765216982254,1
15.845470870762348,11.182268375771072,-0.25323291348265053,0.8642205196307233,0.6569938965358311,49.424302375945956,1375.6844699805226,92.77963130547417,598.9005825488182,0.7568601549625709,0
29.641484957842422,12.118474305772974,0.8882872941525493,0.1285924116587731,0.9402730224764806,45.707086294524615,1383.9370351030009,73.14492101434979,614.5979034254818,6.323117893213594,1
21.974996435956346,11.958275608386703,0.010306789717497322,-0.11570288507100934,-0.08160780861586936,48.66170142244966,1344.187525856717,113.42969790018567,505.0999412873174,1.2041153587937214,0
22.330498808132226,11.780006147735145,-0.5303196734815379,0.41048011758367586,0.27183853037850736,44.98371443628097,1382.5127080255772,88.72549698204408,454.6894178751419,6.544477164332296,0
19.65123794355155,10.522190587827465,-0.7884997250769719,0.6766471825918132,0.5808265366911451,51.37624605207296,1397.9287970182288,91.87241570525862,483.5853090980441,4.177257878234965,1
21.728583616562222,11.376341265152915,-0.3233889507940719,0.1259644841327543,-0.517021878756412,69.23627220422718,1355.8261404151629,90.74842305425831,548.04658113675,7.181030554376714,1
27.139452203474587,12.560420325701584,0.6314612711021137,0.3999620436445226,0.7289007638575709,46.76077526071449,1361.6941213428424,124.70957194928293,471.7086039097875,0.5219220247693468,0
24.053778295317972,11.667686999968435,-0.23331441317898416,0.49945870144249604,-0.43959818938000494,52.917110090941065,1350.531067150397,99.18167676453216,513.0698626872929,5.5508298848036794,0
26.643310011412407,12.180295838828421,0.545011612044827,0.35278755343457346,0.5516616070304776,69.94746418409113,1354.071274956298,101.58199641091643,499.29841722353126,1.4487789888007963,1
26.80960926964422,11.304657285012372,0.6054099522537577,0.492267111458619,-0.7758015351471559,44.49984421627445,1395.22845597865,91.18727691227205,468.7153031454428,6.823816316104737,0
31.603308277640835,12.719352741179616,-0.7783584606025917,-0.5827093348880032,-0.42322659317166056,68.1467534892897,1340.915309477396,109.2573364450981,471.0593989704471,1.199556313116824,0
23.286069245678103,11.927986169972662,0.21731950525356747,-0.0032509059564049814,0.06723986787973546,50.05323006627107,1342.1576235629846,126.98636096901343,516.132647942703,0.7358332295192582,0
17.61571091577134,12.145020198241767,0.9181921267422215,0.1765371092101744,0.04984419140863028,67.81896225864926,1393.2180187282875,112.95721634973013,446.2711524986907,7.131227981836126,0
30.336112082859916,13.162889895940843,-0.19572385019289218,-0.9950441382859538,0.7008623689727325,57.502011249463195,1373.4909685177672,113.73733922669712,524.8451140092934,0.6353193456828232,0
23.342559139513728,12.758220050294701,-0.8981118219939555,0.7119250176273639,0.9922545152772144,53.071083625824215,1403.4074049808505,112.12460411768691,474.063157219295,2.2453081793151606,0
30.572962222886886,11.846717189356472,0.8466053805157572,0.22004901688982414,-0.7855783082797188,49.343693181134135,1351.9912272434829,72.39514713377673,507.00520175565265,8.247351971256721,0
26.916885565912352,11.703389907564821,0.7673325631449659,-0.7417273366035935,-0.4572237343499259,43.759585601207895,1363.5256227447514,82.47762336601724,576.1179411392708,8.096883078082262,0
24.344312348983276,11.837227494240235,0.04428289441800359,0.6327141451516543,-0.2848035795538484,50.75791549964353,1347.7864611245639,95.90025212801747,490.7494375125176,8.54125757780776,0
26.743879470231477,12.254949124238268,0.10450624068801928,0.43411393288108924,-0.04216318437998989,58.97361459020024,1363.866023372954,85.4827191501355,550.5892387105596,3.260998895887137,0
34.7550628006315,11.947387932874564,-0.5765177944477502,0.5165990869272741,-0.012180513691201877,49.868885690033295,1325.518066054314,78.70925950488004,401.43819292638943,5.280480287502093,1
35.38490264526877,11.802377927498265,0.6389015110892746,-0.2159150762762876,0.7123901262968333,46.83377194938142,1374.6990911331002,62.556485182588524,474.1300342497673,7.73347352606152,0
25.346905675663894,12.733590625354521,-0.00279992321574718,0.7084050133899842,0.5411186055701995,47.49217465822227,1367.4694816698468,73.06941573731717,501.522874159184,1.3698551501108047,0
25.800952966585378,11.942895054111082,-0.932244409714887,-0.17194483573527553,-0.9622968419240934,59.92476613583053,1359.8489067506816,94.869488853148,605.7831873563553,7.243908792157182,0
30.381200787331927,13.14979454651866,0.3660299128979956,0.1410183058911827,-0.08995647883362423,62.25161455099855,1353.1927135080068,98.61147266362231,392.20263542070603,0.9748634939465461,1
20.771694836163263,12.045371281876086,0.9009925396054121,-0.9987153926002525,0.23614767648817758,43.3284948623163,1343.104920252638,84.13892447738849,494.7084575958973,9.132506086268677,0
26.665351863091274,12.892659197112364,0.6583009806915006,0.28974622935572447,-0.07920882581395317,43.3141214255251,1375.5542582406551,101.57850425366452,580.1178868003944,6.373101825116258,0
24.870685760230717,12.178659711355314,-0.4456037195789204,0.4363515842558734,-0.7387094879485954,53.79358919667112,1337.5782002859319,91.32332718183247,456.82387771032205,4.933053126897558,1
26.56954105728777,12.481480286624723,-0.8933498301333187,0.13421873097758463,-0.20505183261870363,65.27532064757254,1371.2379182409848,121.81147174747696,488.2938654265881,4.8472925466716426,0
20.83315597025297,11.637694474241139,0.8807028250763611,-0.006882365912767918,-0.1766886097405278,61.459903083125596,1402.489027896189,96.76748471950326,518.2456441780547,1.813620478449104,0
17.052162533455153,11.573120388706293,0.8741254497594029,0.6198729474234166,-0.6245681551004825,37.481477878200884,1390.710429772886,113.92661762803431,510.1479704547529,3.4591737245465373,0
14.635082820043541,12.229852977507493,0.06483063942573875,0.3627454343304837,0.5126142289419069,47.35924030008138,1330.897441146587,104.06427524589385,586.1173761499928,7.271236653171491,0
19.413079435051962,12.494276621232657,0.2846348233430702,-0.44385192055995404,-0.3571986397150464,40.693964453104876,1350.265238793134,71.9585792151189,524.6660595540277,5.409436208543886,1
22.706623575303336,12.020128251000232,-0.07479987857838344,0.9181466761599717,0.1779745811372324,47.324874780847416,1369.4290148111068,98.18683648525649,573.027509253282,5.293062041002629,0
23.53404206675619,11.356803332458151,-0.16046926580248266,0.4145343883906816,0.031460361917535096,66.04409996035355,1359.594361559713,75.28751801342634,480.1995403479549,1.952458945455794,1
34.68615581214758,11.319870816855337,-0.7611031281425993,0.9758778578248493,0.7548541584327775,35.773993512169824,1333.0118856343515,97.83758323566157,459.2711023812337,6.9036231195368405,0
30.529966849536493,11.286431798906879,-0.806494203277808,0.9425226325377367,-0.7559701362743236,33.8113470671981,1368.7063190294698,85.09738365538621,487.58522438392004,3.9203390106135028,1
20.189544418291863,11.11618894353031,-0.5345357066476251,0.8378194456201797,-0.7714739834930797,41.714458465663974,1360.799662097674,107.63926066969617,436.2493298647819,1.8275333843853414,0
26.738542262254786,12.054742679723544,0.6732814928130886,0.5107430824506152,-0.39936066175396845,52.87310602575993,1399.2865081720756,73.15291325067598,526.5931432915552,9.437847515963293,0
22.964608818248376,12.562521960854014,-0.70833539852864,0.21885873699393477,-0.13757006374832992,56.207548206407566,1355.935425947651,100.29403650558875,478.7767037984615,5.067987468656051,0
23.578180809799523,11.993292106537595,-0.5466026961705786,-0.6556586726341516,-0.40291550249572095,54.37448434861533,1384.3600677065317,111.44831165126388,463.0516105012389,5.280366475123655,1
25.92662824707691,10.869792621331074,0.09722811864441505,0.0867028348475154,0.5263741647904876,61.756854032310166,1335.6582319374004,118.1519113861799,527.4262125291551,9.813719102148061,0
28.095855584876965,11.904619769832726,-0.5697375638434512,0.5307530447886546,-0.5094683137814007,32.369144057660705,1340.4398140420699,84.71664484231555,437.0956322114141,3.664061371704934,0
23.303707580579925,11.918600501683697,-0.6735866305644258,0.041714317411135626,-0.8304505144555105,61.88336538358937,1375.4332391961898,100.35501944414351,542.3776217620687,9.430206845624497,0
30.31925766367179,13.04799937511272,0.12663248339592448,0.7364782568113155,-0.1724003802317049,46.879046799537086,1382.6746156121476,103.68293945823147,473.69144363297517,6.9492536113548,0
19.29030886928798,11.271431043540222,-0.26381345800676903,-0.7806882016166035,0.546758576276968,57.31494309804867,1341.852145478512,130.94252559085535,563.7503044251802,6.330956327447998,0
25.031695311811344,11.804661198700401,0.2523185716809384,-0.23811930390273184,0.7011238871734826,36.765745732367954,1361.4815481296782,70.37339878499726,478.3994331973738,2.344183019424806,0
37.98836863297916,12.852926340272282,0.8244106808173526,0.011928837187314523,0.4666896967267016,50.0495669700907,1333.3684165294185,81.77794909857903,534.7550316606859,0.5175567238779011,0
26.115398713126375,12.224989170673274,-0.6980137371298647,-0.13534940826178388,0.1157733569994881,52.36270770589014,1357.3756034738904,156.0892498547216,509.87593055750983,4.377838382851388,0
32.166072533030864,12.281656536758213,0.8268673196261278,-0.7828269043568938,0.4483834034983534,61.55751037498418,1377.7384557124826,94.5380543208805,540.9146030542968,0.10170961995725092,0
25.45760089086604,12.05729221851194,0.8049799348458373,-0.6929434119107389,0.36277907060772274,34.14745377392235,1352.3008300172771,62.180123801934506,506.0470790681195,0.7100251077038344,0
27.903885476648984,12.164971769328632,0.6581751666718056,0.6752345857109743,-0.5312667350098783,50.30752548534904,1356.019305881124,88.34899713303668,408.51314232112156,5.95326755694373,1
24.71608402803654,12.388804765139268,0.2625718346121704,-0.031231481597097988,0.10151778440638748,39.147647088578566,1338.404092034079,44.622535570712756,555.4836446583173,7.244718330730274,0
24.14796209417898,11.595256840553617,0.24029331493109485,-0.9025551464945447,0.541218665276864,55.05496044208275,1348.0328317275014,104.81841424912307,495.1774392648151,1.6794833192427694,0
21.102588016372902,12.4390292894541,0.2784253198730031,-0.9670174820447002,-0.3657586762497236,57.77216536456126,1396.1622183242869,116.19569520556438,543.4233842545148,7.325004126737738,0
27.151506794787768,11.31349849155723,0.3809911024356263,-0.05304919601134683,0.3079462934338628,62.871702425080876,1362.4584978343426,81.76675247662493,537.9635562277871,9.497258265947519,0
20.74231405407116,12.16418398641577,-0.967035598807686,-0.6712425481511126,-0.037039144962403014,44.64970545691625,1340.953844666988,90.58552155496986,457.4686935443762,7.431760807261966,0
28.327926181567147,12.089370481643163,0.9161851583212994,0.4102518919984437,0.006317701890039995,59.2722648568879,1354.70456100164,118.47308310737824,449.68625271535865,7.847152195750329,0
30.426435022229548,11.691853455903946,0.1712075229311596,0.5906469250555026,-0.8198899244356805,63.609015874770535,1329.0514475766688,64.9956907030786,536.0445305796952,7.007125802683718,1
26.83265703618615,11.988657362337177,0.5629316788048433,-0.5434065830857888,0.33243433061075955,33.56753030144533,1340.7168061571958,73.5685757560091,483.3213033824217,2.2473744045475117,0
23.56875633222154,11.688729923667223,-0.2454363218772737,0.18435388976356148,0.7313740707090401,56.1234492009845,1388.2067947809292,95.4376963656872,551.5036103706574,3.6088994215583603,0
27.269827896543482,11.464149336569127,-0.9752055721684081,-0.691110713029228,-0.7171374239482744,59.58511253780106,1358.150351512268,84.95330325066364,490.1989481425337,9.492669627698172,0
23.456634722267935,11.823192629193178,0.019469319752887904,-0.39283469681122596,-0.2677886755671013,47.41273613612562,1398.814603522024,94.12266205052825,556.2875377596558,6.612105789701187,0
29.677735627325745,11.44800568231417,0.014380238631857889,0.7775909883628667,-0.90266509031833,37.892264224748914,1359.0930432300788,74.72499361186956,523.2817466315006,7.890247339340722,0
15.842969578924382,12.161398732046624,-0.12602142337709643,0.08819618296462162,-0.9407362280472178,59.42955756109663,1360.28042607617,104.28626971843015,515.8386246542782,9.686946188446774,1
23.32196315940677,11.424957252923818,-0.3205658916758465,0.7717773902884002,0.9793169933434875,38.00491172442243,1373.8178831708424,97.01533829640023,479.4293840692849,2.314369205126657,1
15.04594002438001,12.355988511495525,-0.5003478243805559,-0.5495043916409861,-0.013056983387230714,48.216485654890974,1307.548248355612,110.98380988466066,512.7835187733834,3.216866673265535,0
17.524695848863974,11.40926046603559,0.055089748994365584,-0.33995131350266794,-0.28896196272950725,49.59875942196671,1365.0987864730714,104.00799000960585,565.606899322399,6.448016528344996,1
31.81931114906955,11.716852542209496,-0.2494437206130118,-0.0580957230863659,-0.45024584674996215,57.155380517039994,1360.020270238781,104.13380144992047,497.0181497735174,0.24357473784007322,0
29.475924909858428,11.68769829589241,0.9398637660996174,-0.039839849610914246,0.9600252898899182,43.73368440487467,1390.720777870303,71.07385290939773,529.2145944026121,5.712190773337057,1
21.402598833576047,12.662573364437419,-0.6541453844661371,0.9952959343674008,-0.49549842895663265,43.15416311172145,1380.2935878832723,109.85183103289745,502.54980419373385,8.086883795144988,1
17.487482719795516,12.165144972808296,-0.36066886474582605,-0.7711093620577398,0.4514167914754865,50.98915478763111,1338.326166289064,93.38267196391116,506.8532223509982,6.1044337382412515,0
10.177355810791743,11.894133098727803,-0.412079058150858,0.7039300712031815,-0.4324838083881324,60.06390477619749,1385.8427723725515,96.66803384700765,594.7875916316065,2.9539328389611086,0
22.28252246033683,12.249359720534862,0.08661835247191396,0.7273640788437403,-0.8590209892861618,72.87450000653146,1355.75370948838,120.9652875278162,566.0951517071753,7.241040833360617,1
37.10207506123702,10.946403826335157,-0.0014394860517041863,0.10639726307557473,0.3665532290358826,34.92518800221225,1342.910935474079,85.6112888696621,504.3672098357645,1.4603162467994557,1
27.174421357318238,11.978433205179547,0.2874809308485462,-0.3119256634816925,-0.9967383047402703,53.15342017786578,1364.942065017424,127.02368656918001,511.79497483648186,8.947734692785168,1
22.202138569752552,12.998757088902382,0.9000035411484157,0.03845220857659237,0.35149702312113895,39.134649737657085,1356.9446128867237,128.88950598746186,461.3971223046967,1.009150310404554,1
27.325401047501533,12.066173253201336,-0.42955782901226525,-0.4150645903868724,-0.49924680202035376,60.18811243206743,1391.7693062805704,115.05568874728743,490.4865649554276,8.634911337624349,1
17.195208235027785,12.033956584584669,0.385543138509993,0.598214896879879,0.49220846414300246,40.61455452690767,1367.8124405698243,80.38758378465155,517.0168783151738,4.978094277362325,0
23.513383186511824,12.274064189821098,-0.9499195939896328,-0.0034416825793397443,0.5395003347012988,43.25351781817676,1365.11317841772,56.27413508746137,546.783747426302,4.286470034878018,0
25.497387365078694,12.447802621657173,-0.47522305453275093,0.8516843577549011,0.4482144776350758,44.10729140936004,1379.0129416571087,121.57669828519882,541.2071493301005,5.006617605754313,1
24.569496740894756,11.00126665355507,-0.07256054400681444,0.24538268871208757,-0.9510331170647792,49.23801061280196,1382.8574323618543,102.22770122662159,438.9907519252519,2.002063030929212,0
28.954030608450402,11.158836759104487,-0.9380104230377311,0.028638666229366727,0.40747323928753687,53.23197596858707,1376.672101885946,85.09605058357076,553.7340501873248,4.576855795588136,0
26.72322613118026,12.105145645543073,0.23533892110727783,0.4221387079553045,0.9802912281115264,54.837013936085135,1389.389269456299,123.47124687511206,495.11744763423457,8.497198158986585,1
28.341630090539986,11.642561719051246,0.3566212168034164,0.007865928860468552,-0.5147492629487542,49.942324538172166,1373.1736482582758,82.76882238244382,445.7154754377354,8.00955242218799,0
21.5581385888462,12.656012631109958,0.49346342967609336,0.8090127008388943,-0.4515228555493229,36.701089775594184,1364.353029294534,91.51689483538115,573.5011605587557,1.6304853449132928,0
29.48907704205274,11.842412805057387,0.03314900968602452,-0.6311080782263174,0.627053099161079,57.27786150310189,1385.7834412417606,110.49780728633988,580.4803448205874,6.734209781290618,0
33.144684738119956,11.032734632143441,0.2078893299572533,0.9466973674918113,-0.6792063898878389,49.47041336336972,1359.1820771983573,77.72794336770245,514.5060840287363,8.568372649654254,1
20.149252401742938,11.365993041578001,-0.20786949744302552,0.6243811037023841,0.3211673510091031,61.61734790014699,1361.6649303268932,97.81038180785865,538.9836481047879,8.197675886188092,1
20.5615217214272,10.625161990184711,-0.9174939349868749,0.7214667237297392,0.5100527550011569,42.922612205200636,1395.4315383459384,121.78274367826722,542.2097064809437,4.256324432971814,0
31.678921681601164,11.882937231358543,-0.8000962884509739,-0.03418433525785769,-0.9256786763612856,33.97725272649005,1393.4384825591046,104.2222148724226,576.7674684046738,0.4809284034611583,0
24.043280066524698,11.905807936367808,0.30999184840292826,0.6744030986751948,0.10752418853045231,49.659739973169245,1360.8364838615335,124.94852673647361,540.0437688987449,9.311694229737492,0
32.019106960332785,11.78776864510905,0.9911105991715525,-0.3864518328455897,0.1517545170717658,62.95952688284265,1351.9289684538876,122.67204716011996,426.9771447408787,3.95885115848062,1
22.78732144053908,12.53943951951487,-0.9683935216734076,0.5238963571283504,-0.3931142052164116,51.60942136616051,1390.26347000417,100.15476668843239,610.539426193412,3.6097663725634375,0
32.27522788135356,12.599259918258348,0.1151669936527655,-0.7190996832219547,0.7526893387950344,48.00330200827143,1377.0083671583043,53.265172472852235,558.6111289214024,7.595149444788129,1
25.65742908402726,11.914805788321944,0.5020175057651157,-0.3858961680749826,-0.6745005614002872,41.29652982342567,1367.3116250839473,77.88455409569387,471.9761687099979,2.6397221549202254,1
26.291144116613477,10.932653166261572,0.6535496560277574,-0.10853467328053434,-0.27161058098827895,67.57766466680823,1354.5625457962012,115.26668224768979,443.37062102034247,8.347479231672919,0
32.82359010834952,12.308640790246129,0.09040980244528019,-0.3553605637131563,0.6973373742946587,39.70397405115221,1367.6339315742919,68.99497159429426,527.7647386722246,0.7605156081931563,0
23.191147612779144,12.277680114254288,0.2398319603682102,-0.22596576875163277,-0.618714486788015,42.7460574237176,1360.565830802246,93.466148228261,484.69569788978316,7.407112007162109,0
20.29438952037521,12.154695785078472,0.39344989054910684,0.640209489567396,0.64274827265535,55.70034196084023,1347.71323640854,106.76961227378065,518.1497444699428,9.657894904415317,0
22.75717895985823,12.490739874654057,0.7179324993868612,-0.48664821571566486,-0.8418616452640886,31.439793101132103,1363.5808465717448,129.3914139152302,540.8873762703045,9.957687968741736,0
27.261669753215692,11.41758595176948,-0.7554209255943627,0.49056234430914447,-0.021541865620019918,62.74590665381339,1366.3084809127922,88.49960607091171,468.84569616017626,9.238043600641664,1
17.17120463909743,13.00437769309257,0.8523643925497268,-0.8525758617766963,-0.8493386751085932,56.241931142173556,1353.4920986615955,87.13024581833741,438.6140604023615,8.707624054063094,1
28.187354513255606,11.520286123429067,-0.94796519289686,0.5314782150301216,0.35580717012302854,58.9923107181111,1379.0765137721903,98.95108467008998,521.2200157329588,2.788802244577302,0
22.306143411911282,12.374611463600427,0.6723995019155506,0.584046485659546,0.5812029781112005,55.58117011949654,1386.7766478462197,107.01825939620204,470.6636679597665,9.66648362629764,1
30.73906330366782,11.156326152793325,-0.8465191468806055,-0.19660244899503598,0.6997170964936057,48.3887648254363,1380.3979538731082,96.91506345207812,508.0352682152819,9.278965938143529,1
13.028698475497642,11.534867656364975,-0.6107435767901555,0.4449556463349409,0.9625245014879775,39.36851289844577,1355.4750322957202,120.98536697771621,426.11704596707546,5.343725070251866,0
21.067171124479156,12.758184323362668,-0.9922117072377348,0.8302768074901983,0.3440314445991737,48.599245587750396,1376.1164300837675,84.01712333943055,486.1299501538949,4.020776543936796,1
16.56765924382949,11.869550088499576,-0.10948658892791863,0.6014259471090537,0.5381238276800406,40.24763688247365,1362.5592279492007,102.40321866758087,539.3223540071998,1.0926725355818823,0
20.86885266818024,12.4199613025664,-0.33128154656521547,-0.21910697920608024,0.011516556642658715,54.861553100763835,1336.2850804286809,108.90425420494039,533.3262879205738,5.906340778251248,0
26.238329505544716,12.118477694359623,-0.6680141770259453,-0.031572971439871145,0.8254738023622523,58.06779830548102,1374.4545875699548,91.99534380188287,456.6403116019702,7.0054594852219765,1
24.103866872751226,11.947520921999914,-0.09781967839218741,0.5587150895716109,0.28751676439892515,64.76808631198207,1363.922632819139,116.79419873119933,435.74545968750715,4.03996583181529,0
23.733112155259924,12.681925162466344,-0.19525823365563233,-0.41481082030175287,0.7671028125026869,53.717676405528636,1412.870960041386,102.97917082484699,500.86700293634857,4.060295606305319,0
24.204075643099696,11.88167058767405,0.5353220653974831,0.607765480617747,-0.5290959659722383,59.24575356595186,1390.1454172655713,115.77691426304548,530.8568038360675,5.733113907143038,0
26.016941203099716,11.109630946218264,0.7862606121400648,-0.34385771487811767,-0.006524438563871415,47.02855262769858,1375.2230031386905,103.88208216097664,522.2846327105904,0.277840959071618,1
19.957319790284462,11.598379954024148,0.3051345035341637,0.6119811647710762,0.45963784212760794,45.21722861991805,1365.9834100257635,107.52809142974456,471.83120856012795,9.57865896386749,1
28.534248204495253,12.275595864350848,-0.7511792225469522,-0.8263991132985533,-0.5945564908746335,54.736718908168015,1364.2744451011604,87.35216486301289,516.3803443367632,2.8990570709670935,1
28.31332985192742,12.197754553181253,-0.40921841058029873,-0.9112054061788197,-0.5773204134760435,46.13527127283091,1340.9262119273378,87.38456589617553,582.6295509201797,1.408908617688801,0
26.925189688280504,11.216470874882281,0.8266365936645597,0.9953508947396446,0.9560854808112749,52.69185788827658,1326.2202554560017,124.48792959857553,511.28295780199653,0.05488396134590401,0
27.782667213756316,11.6378287402959,-0.8225310139842217,0.7389142464693781,-0.1307792785255879,39.38807810664579,1343.5488178183687,112.71020889040665,410.1768635299759,8.568915413857134,1
26.482090004043297,11.709139325398876,-0.18628832121834704,0.7656950069324078,-0.6363690941524567,41.18372317523699,1360.0456596365914,79.54069667555197,511.1760185955353,8.632073757996691,1
35.175366513655334,11.817265202942888,0.8850092384669626,0.902559895213235,-0.337072236036988,56.3540930101829,1318.8892144358203,103.61726849309663,612.4176334166935,0.9530660451771011,0
24.56452914473745,11.312043205699224,0.9013296829389714,-0.1233673811710243,-0.2052477034681488,58.866900754060964,1350.113564154545,52.52447892929148,429.19350527864225,1.52241302888801,1
23.464583908327118,11.685814445940261,-0.17759364590221516,-0.4263288906396956,0.2461705149404423,40.143438310333195,1356.0477393375115,88.52119672601167,501.6348564005962,4.47902231257768,1
21.23236209821311,11.635694757370237,0.33479377619759476,-0.739950009964194,0.846029318095505,56.70614310506421,1356.6914689302907,119.22055353239811,487.5515511832326,1.857041730663156,0
19.838686647110816,12.38576662988096,-0.08650880329200206,0.002418267076929048,0.973180151844182,44.67264326964725,1347.7655280362371,97.4970882257768,505.2735627601285,7.358211368367568,0
18.777641061994622,12.404560655495121,0.5069210788726835,-0.5599033590467843,0.303397517822225,50.1650517620031,1354.169723712372,102.35825339332062,510.68386842345745,0.5803974570572235,0
20.556013433845408,11.927094770955591,-0.936837338614003,0.8711017134786394,0.3998447215954495,64.16944415790647,1395.4778765624771,39.67237506959577,562.6984592334609,5.49709332385866,1
24.646598091739644,11.803980102064635,-0.7116857021572831,-0.9919936751144418,-0.35634166060682193,58.07487234022948,1374.242905629812,92.15492763727697,504.6630807520446,3.8279156511390413,0
26.671475642488573,12.069962156019557,0.22839760708719847,-0.7136065245137568,0.7143171908974981,57.95871988022193,1349.793984462037,106.76544447654425,570.2492756466626,4.649464836922515,0
25.25571029276081,11.591712446272213,-0.5348954751138728,-0.5070482938331464,-0.5644033295593702,69.08790358456966,1359.6330442327608,109.30579750796679,493.52893876674347,4.247571176956018,1
21.172323612851436,11.426583958916279,0.3321045985382971,-0.6020865768136099,-0.7872387013780648,42.96120658950202,1360.4337332869547,119.24711422668729,480.7424774313952,1.5315918253465366,1
29.500922820099817,11.529889395537142,-0.2975541450774033,-0.5484431268405794,0.9465119801953017,40.14125025007454,1345.640891325197,95.79484496453144,463.19493593287666,2.2028148530856226,1
28.69706336150474,11.682593418014271,0.7732911162556428,0.31209521012235686,0.7282773536410645,42.77877729771409,1345.617395645123,96.68688374751702,400.0602133983916,0.6480769891042659,1
24.201758462889917,11.418263100103864,0.6385187711199729,-0.3449758433737016,-0.3927097309237333,47.45498946593385,1381.2104804065343,73.35765141180275,515.1679776559212,1.1528557529907124,0
21.73541927667644,12.081029779531438,-0.01432439986243561,0.23004876380674655,0.3503414327620984,26.454493857081065,1352.6043124496637,95.90956921653604,612.9700158659514,9.778948224189149,0
27.742139604148996,12.364857836891854,0.5457901741897155,0.7805158672925825,-0.06596328517360095,47.925717633031894,1339.1060722593825,74.76849875204402,525.2029512507223,2.7978681167725195,0
25.939867937430524,11.206450849600879,-0.4577242275298192,0.20511353105140406,-0.3537435877090582,44.55429268105088,1360.137193118611,63.042597603891664,537.7711044788924,3.0702553933956422,0
17.759363702924762,12.012564355608017,-0.011480446376274767,0.3890655825727629,-0.4264515784794103,57.83759767397799,1363.3601950625825,78.29641259778843,477.283277124205,1.2710633043212105,0
24.660098720077976,11.890032102366833,-0.6050358962734437,-0.2689934035572854,-0.727945109558187,53.5241937901004,1321.5459155161234,130.17369815607944,486.5616634799481,7.551642044967515,1
26.310179060371905,12.1707543427684,0.7217723370419877,-0.6805230647545817,0.09863616455167845,43.99303372230663,1360.1850728436561,94.58877596973447,554.1552818583294,9.24142810187282,0
20.50152606756123,11.993530615948206,0.6461352331368297,-0.35883187510018777,-0.1068066197649844,55.89960845362904,1378.3595986869652,104.39754726046732,610.4781502159401,7.89750537066651,1
25.949216964187215,11.273200360034185,0.8042993368180025,0.9285652974082161,0.024372840599888645,57.2326305982377,1370.0245877104367,89.73007497603888,581.8371364688251,6.126158294341718,1
17.725887573711056,11.368805350571417,0.7549539624485189,0.2436227689062742,-0.569285665041191,42.314542102085895,1405.5959023038995,64.18897961096205,544.2884546350413,8.132329156105762,1
31.680930500060853,12.014711787792486,0.9191925241189896,-0.44497776113196963,0.8772213415464953,45.069757446175814,1386.0221896462435,118.72226249859415,501.933281866478,4.042302329328584,0
31.239749925297158,12.514390459872754,-0.5433275367361481,-0.09816946567579232,0.277182392661083,27.746368129020173,1389.978680495017,56.55603720288823,511.5345402847028,8.594973550806875,0
23.737413328485175,10.892906314478498,0.863648581590631,0.6710260748619887,0.7992013147666737,39.09340025630715,1417.0017187182866,88.90414646416683,458.557097431446,7.98518849638182,1
26.817271689195366,12.17286328990079,0.14242638270399532,0.3368871414115471,-0.7814576679344891,42.57530439576421,1376.1631252354919,98.90770238299878,420.3507863283539,0.01724644256319019,0
12.950390171000626,12.594811002643821,-0.15500983216369568,0.12130568145833642,0.24570193171234966,50.74166176606022,1364.261404158654,104.6097928685971,438.0260903232032,4.87794134917517,0
19.218261698673338,11.923487061896893,0.12074779193574603,0.7703257532676822,0.6989236372883223,40.546173206401846,1380.4748058686266,85.4706079094226,502.7390018987066,2.646165760792262,0
23.53110539923935,12.27510124801322,-0.31479528669944434,0.3448791444335806,-0.3381584403710667,44.86548012950891,1349.8152713321,63.24077033890051,483.94042562153277,0.8623291636769548,0
19.639334892865705,11.6484654595511,-0.4228939860780958,0.2854594615821908,-0.6097136617280272,37.746693184174006,1363.1537263898995,83.97813415329124,419.18070624041735,8.461960427477749,0
28.571982413153293,11.940316900361562,-0.5173713240449425,-0.6204637255784637,-0.46995738838876067,51.71113898531271,1348.0454471384337,85.02484024760675,497.9472141522645,0.07949684301122306,0
34.98648265373997,11.189543240845925,-0.8351440210857464,-0.7872226339751844,-0.454132546500402,54.257145945849075,1368.9596911512576,84.5381300968984,482.48633215437303,7.3016350205536025,1
19.11692640285349,10.827828345790563,-0.006870205705625132,0.9302842341147981,-0.10560207015292966,54.02365348419822,1347.9618182396036,119.40117180415207,435.4933129593756,9.88192120997186,1
20.812682979574035,12.471382900612637,0.7755233514277748,0.1977167402007054,-0.3480727944413369,50.12361131905259,1347.2614300027656,75.72794443721716,479.6401544158961,4.820197667062357,0
26.17724184154965,11.507502536137778,0.2603039385487693,-0.1686331817071418,-0.4574518545840174,34.58927003498606,1369.26946586211,106.01958548876317,482.34758496060107,3.712405299414346,0
33.05558074249811,11.772236077498285,0.04195126551154704,0.17804164182043514,0.2970245968102758,43.80046336107149,1358.2457711843886,103.16594074435831,466.08495730415433,6.058329544747134,1
18.888128437300484,11.306778873364904,-0.142814163498167,-0.8763760778565692,-0.8939352566562311,45.926933276815156,1322.449577285665,119.2091015494334,550.9668590626767,8.046978276476722,0
26.24518061153471,11.295015148458063,-0.0711967473656161,0.6442545478082136,-0.3192724437205401,45.967046870793745,1331.8888615737583,97.33736256526137,395.3404140848678,2.402519937752788,1
34.106494254065545,11.913081149952692,-0.5814453048560981,-0.5667089288713281,0.37950393188094966,50.74981217989836,1338.0546701707708,115.82261934395117,390.7810555108966,2.507014291535362,1
16.741204259103664,11.635211402932176,0.6458717543861945,0.6090920126358941,-0.6483005014379881,64.25541372371019,1343.3405618777206,96.55559723811804,500.18071814470005,6.0717801408684675,0
18.59465396577084,12.188985498997349,-0.6032340734369439,0.06875688652722123,-0.5581442755741752,58.120962126845995,1369.2884665895729,108.687850531696,505.2869954165768,9.398798208543052,1
22.88196696769581,12.226269209489796,0.43324551345462603,-0.4468559726861945,-0.5986667491741651,40.124822201513055,1365.3787769414328,69.94117825505519,522.2318324810435,2.9843997575876346,0
22.397057935722945,12.160424823162304,0.5199700229923052,-0.9395801035158591,-0.9981477865371902,56.784028752966336,1382.3055874339839,47.23443847417783,470.3564570446498,3.7675466322901308,0
29.063006438768223,12.119300395464222,0.1497380840554685,0.6316667106532114,-0.05246449633685457,56.40302367665736,1376.0560364588355,107.55093707131707,449.51419071992177,9.933333014602896,1
26.20829859910419,12.788884102465943,0.725852749909657,-0.6470797170613867,-0.9220824211677536,41.93932527048435,1382.4380591236531,108.62366252078459,499.5976127017779,1.762221652065158,1
16.12518970178936,11.466203115477557,-0.41789929509869994,-0.8963897687202531,-0.45412037645019976,58.488659226354386,1373.1679238291824,109.51004666303766,475.7132025558602,0.7696816837530407,0
27.577052014504055,11.972532566898542,0.7632344424857265,0.5117554616517617,0.9896068491839431,48.396233640547365,1365.1935861818297,89.50134970490642,585.3089272560632,5.897552388806061,0
22.112305563221746,12.566344910259794,0.45882091919860835,-0.2999135552540424,0.8367924227805996,35.90046509985555,1382.9870348457532,129.79444504420746,482.1675012541144,0.24266988421632996,0
31.372236084706195,12.632269904669018,0.5974996555235215,-0.22133198881670002,-0.5698483836873316,54.552027246371416,1379.388255834802,90.80244368525956,497.0748166555607,1.804332312748227,0
21.8620623178154,11.289118175327713,0.3291594190546283,-0.505864825438562,-0.37999513617213454,52.16961823614524,1368.5219073510798,108.4175803934474,636.1479976778868,6.222091806904681,1
21.816923584488823,11.843822279172064,0.6926860339799388,0.7183569573937942,-0.07259083546289702,47.723223708141724,1386.421437417203,111.89272450008157,489.2881875298122,6.59512400691333,0
27.705658054022656,12.67906054793363,0.9861977254352718,-0.40534094778693586,0.688827093318487,49.62546915016701,1314.084235149932,134.3748031949822,530.58862758595,5.104252496476197,1
28.814632411684684,12.254039552599533,-0.15967429095072272,-0.5796148604979523,0.6052918827861822,42.80914521111538,1355.190736517191,93.65940760420332,535.5470188362494,3.8374804622938328,0
27.240496819681017,12.097631515739886,0.6278313674191407,-0.3815005473276878,-0.7475171268674357,56.101305037971095,1354.8841906869654,86.93614187541695,540.2270904045018,5.761975844218483,0
16.572013413075958,11.891157653282672,0.48915951903606714,-0.5937008496652061,-0.7511023033032957,49.56549365491074,1384.0536575496315,70.03709231169353,515.9217995976189,6.4338575303323875,1
27.690172199641253,11.808099537146127,-0.09425966857596402,-0.36468955838958506,-0.16653549221191066,51.66448843948228,1392.4278999390153,131.04734013324946,510.661243692578,8.034820462916507,1
19.828459741628006,12.144109531545162,0.853897999465024,-0.8341275542636539,0.7401907792275442,53.57141924428873,1331.9964125957947,108.4282181409708,505.5183859410414,7.927508282098474,0
26.176380557941318,11.873812937507758,-0.2111481408548106,-0.6829399417610833,0.7641699981910046,38.45414385573675,1389.2233434829855,109.06122211788605,468.3203353771425,6.6480076551494784,0
17.8813278230047,11.978710689477778,0.1309318325524751,-0.16589423320770424,-0.7852683006269396,41.05716978117948,1337.5710962794747,162.3340848264784,517.9035341561598,8.942325832284656,1
27.231610737715318,12.039299353057519,-0.7881152860180769,0.7589337111797527,0.14859457593110315,27.900555403837906,1338.1756950887836,106.50089482372599,611.5755210583526,8.380252535954188,0
20.967005478463136,11.66096423575325,-0.5484496118674675,-0.8854185065554283,-0.6886496057497742,55.64742258490407,1356.3142859534528,73.95357189799935,566.5875049929957,1.332460082179402,0
18.58682674869739,12.26606468694072,0.6813923410675213,-0.5746505864799387,0.37225862000556553,37.87789976253234,1354.6358705573482,96.08192850014048,516.715491222355,9.566794413234835,0
28.569100682412,13.45712232420771,-0.2068945543423053,0.8166913510831926,0.8328664958578129,51.325697098956525,1329.8316544056624,80.50435182302694,547.0706388958295,8.917423023179204,0
26.208222608383757,11.111506680336962,-0.21183182116948363,0.7800293483198433,-0.09046141504881278,53.70988224939553,1373.9975594698512,92.08263210834455,452.1953250198141,3.209271795079598,1
21.930115993035514,12.16200626209499,-0.5080379636187595,0.3589016665918825,-0.833834450615897,56.0235283889252,1374.5880484945321,91.94820794490785,485.6718315190155,0.20184418607039456,0
32.255894245105324,11.619904955690547,-0.016779331405091247,-0.5190528918095241,0.15850839178909104,37.959830861639404,1382.0808319232733,88.25951217865901,552.131741430123,6.039759467582875,0
22.796737892151288,12.288701288759626,0.6116339227012448,-0.16037887788842853,-0.18296665972829063,49.34838381859309,1352.3308934044428,72.13434989289206,581.7941956402005,4.38417576866388,0
25.160538369854674,12.023278736663931,0.7903282355474792,-0.5775580111240699,0.6217975046679205,66.70280420787749,1360.208345700551,131.85003267344592,457.6023605347542,7.495666625861319,1
26.344567238393005,12.38092738702123,-0.8597711359116322,-0.7428229817495935,-0.31931107214722454,67.14314679984317,1360.3914567019472,105.97696088876788,473.40264298172633,5.245997645086225,0
21.901670329356932,12.58775328825439,0.1496414624802309,-0.240003210972217,0.7497944009451785,59.87323094026951,1394.7599088293694,95.49055930599523,619.9756686633195,0.7649043525094679,1
27.35568146699965,12.09621055888409,-0.06545326421533093,0.15164321014070037,-0.45259918473043026,53.374931388188394,1304.3151043473356,115.15275659031487,505.2943687372935,2.4468742025477583,1
22.332738264176378,12.56602614420709,0.2285637009431567,-0.28013464907038954,-0.6849647282226281,39.948936111546224,1341.861113020218,109.42134549698783,600.2849084985208,8.825237561265295,0
22.941808388918954,10.827851053105661,-0.10544862618346174,0.22164910093193946,-0.3870392453628402,57.18621625391053,1361.110816855836,105.51381465484096,511.3771524501686,0.376896957150501,1
31.813213199016705,12.795226148958012,-0.20271035829316975,-0.40749052924138907,-0.930168416354507,48.419787712531594,1339.2885953016898,113.69996145533653,513.539915527899,7.36669669398287,0
19.797069737437834,12.18753107594617,-0.05623857514102126,-0.30829894447841943,-0.4375080662515174,55.60528275272844,1355.8335928545775,102.67869487517314,483.1980011787056,2.919435079514323,1
12.93609834535255,12.53892167787259,0.16399825751282826,0.5813471832892192,0.3202352677640614,43.671565451478834,1358.4784892726018,113.40442913983183,551.8405327830626,4.5263980304249705,0
33.05468497505947,11.39006212757924,0.0019664220635535745,0.7566294617877161,-0.7154340428868153,48.27066887160071,1347.8462778241505,115.06224601755551,574.67776526672,5.310054319116086,0
37.74663976303501,11.584615059197333,-0.055711097958707656,-0.3559318369378959,-0.7772700544268241,51.64147360076425,1362.2893785220535,103.25437470065606,443.0748773422523,2.5008135730720102,1
22.97365367275334,12.072969147072387,0.6356706199161615,0.14303160269055248,-0.7352294174912992,52.462780914938584,1373.5629855551563,95.59211013007769,480.615219627876,6.519604429976628,0
15.315809796899075,11.991481055331269,0.4912959824757155,-0.4436754322154639,-0.8448966514770673,54.93722714460248,1356.27467109938,130.60795602907817,550.3293188405821,6.934422180978762,1
23.44758011902028,12.141534294004995,-0.31724301163761437,-0.893330716585145,0.7492708236858792,44.20805015475101,1351.9361053206253,90.44196920453133,492.87482492186194,0.850594796707751,0
23.568885250796654,12.542257580464984,0.6011542350306409,0.475714362720816,0.8882302309930563,36.56715547889797,1357.6847016669226,107.82627200854692,472.86379923067346,3.739270758514206,0
24.050380794888714,11.117389842348576,0.7073013380090003,-0.6579930335276993,-0.9068776965424274,66.24785039899794,1360.8512730670882,108.27816821478133,555.524818462817,7.443773012062915,1
19.433059790390757,12.486909535858654,-0.693015589251619,-0.1485749525061657,0.5201435630870805,74.89254169023357,1326.1936086933115,87.80884295472728,560.6899262591882,7.216375598411319,0
27.897805712382386,12.004140954978963,0.16536492346151754,-0.025909013241686374,0.4743034934343955,54.474207112023784,1370.2310783592256,83.84355229377013,475.26968501303236,5.446033439052391,0
27.62253687643043,11.898109069437727,-0.42937601280157245,-0.6310568316417882,0.9938188492200808,36.7600790526989,1351.979975411064,92.92295958260299,511.680159039337,7.776747798680141,0
17.527971900903466,11.264442382807555,0.4783446438534451,-0.8108892986732075,-0.30425867655786365,42.268048831571235,1386.230701496221,90.15566293648784,433.53388622526717,1.0764489303984326,0
28.49598365847444,12.251524334188433,-0.5224293412826335,-0.3039739706578588,-0.42898201661916757,55.09117569050969,1372.8210695128496,70.83738876722269,450.74854992367153,1.1821126784453007,1
35.26342490972945,10.792946074484481,0.3428070483460637,0.9045718151006368,-0.09383575838034552,63.41115611681286,1384.401328084393,86.97009834961449,506.8290877673359,6.574893002963448,1
25.859801662185298,12.324197005619355,-0.4897506878847322,0.23027117997684288,0.713150354298381,37.871093654581436,1340.7799241257019,105.32445969269125,501.7273733168914,6.933338678951289,0
23.31337418965747,11.253947082263505,0.02228752685988633,-0.23717954319419499,0.45718728507579764,48.75667179151099,1353.5722671762514,125.31887168297197,446.8218149548151,8.145268553210702,1
24.289983927962393,12.026728956308737,0.8972929358323842,-0.9221783584515701,-0.056752372064994505,51.95932064443969,1336.1508302508519,111.08782670347267,460.62143414009336,1.8103687777325705,0
28.076283834842805,11.94041558133604,-0.237384923087131,0.20054656278216365,-0.5108743134282536,58.64578451285875,1346.8961758214134,48.00931003259524,441.42255965244425,5.1677165943110515,0
16.346641972463907,12.584769073646942,0.7514769719264154,-0.8154847181292548,0.4540314825367422,46.56398905599621,1386.0421084901718,112.82607429514655,525.0282921302265,6.608312971355824,0
25.821953514886513,11.910672415493055,0.9738891624077892,0.08508814209505267,0.7090537360843923,34.361853086780755,1390.74981155845,88.83696428208565,391.77984418194546,2.2369957382901506,0
23.04768025268595,11.652930719427168,0.7497016976103266,0.5039010165434858,-0.20009753786501827,56.21197559452902,1338.0373341039108,109.06160149375526,444.3632523741892,5.169278655939907,1
34.239125064780225,11.746698652014398,-0.6682679405533143,-0.15282930341042733,0.33717089164196845,61.24795965171238,1351.8344466336544,99.71729481578744,397.5382148692223,6.3844502439059605,0
24.12913633097521,12.636441384377331,0.6393164390703261,-0.4011770103669512,-0.1995759576468037,49.17408538254839,1359.476086559521,96.14624747826345,523.0461332121889,2.144495114776803,0
33.3394380555976,12.268148484590446,-0.9357012097988775,-0.9052315323648028,-0.043013123717030366,54.05240091306431,1372.7121128361957,97.95528544075718,400.8496547469914,3.755634102501414,0
19.481296511089965,11.807185009238419,-0.2133962326013843,-0.9504442496768064,0.04982075990982726,45.255087705729295,1325.80379472927,99.55151383460439,501.7451059194547,2.16338810135708,0
27.93629583401396,11.881776790017744,0.7414667466357276,-0.13994686070895757,0.5514516280445558,41.542272052741055,1328.9399983694311,126.88809944180488,590.1738208661083,9.029429044285987,0
26.597001318956146,11.216411454707277,0.37750442551983965,0.7666905414059357,0.9550119682578622,60.264256805472186,1370.792522877448,99.60679625829825,592.0388689698996,2.3679888192999177,1
20.65476376067609,12.19423710042577,0.06548085467575615,-0.5118744424136192,-0.11126767472353527,53.874958478144606,1322.0192286216416,121.71072266362401,400.67508369516486,1.2083462598579697,1
25.8869805731847,11.120092146152267,-0.22427194983475895,0.1481110115636426,-0.3153699875047882,54.90368599401883,1352.0640518772225,118.79811731691314,516.4125280897026,0.35155311527143684,0
31.062594184158,12.375898232917727,0.6245938929405721,0.36861163935952357,-0.2528179870552174,65.02115147994613,1364.2418361711768,113.34091095167307,445.606578699075,0.4495347241135017,1
23.381041478566996,12.064310796245634,0.4191168078964418,-0.8783402649972771,-0.7322218612496367,39.45157665681427,1369.3133193986623,64.26762359740644,434.3775180359358,1.9158623496681693,0
16.540186754151186,13.19347589978696,-0.06318936076865334,-0.6937992483932458,-0.40612252436455454,44.47973731840578,1358.1656380891234,122.33265312323213,493.7591525085459,6.082085113069523,0
24.91218586761277,11.449932223137846,0.7849686744193196,-0.3374464131608659,-0.8271051734623875,51.579333488346954,1353.6848656190493,90.84197411728823,567.5560136313219,0.17649874511122654,0
20.487884526037437,11.948668954479684,-0.5401039643627352,0.340186348297141,-0.14421147364150566,44.35686762238758,1377.8914171943295,114.31454562149545,532.9812380821197,2.867439247571472,0
23.28829530668059,12.899143850461531,-0.6592169816827502,-0.12192977554380624,-0.6652854613779022,57.831365352724504,1366.7041185273151,80.54934333519174,460.66724893344156,0.5816689132329933,1
24.592061151574395,12.595694820145708,0.2856075286671631,0.46839013643649063,-0.30718650805118264,48.12600779096016,1348.0596675609709,76.29851913393489,538.7768698575501,4.036587702991676,1
16.471738919922416,11.65189397421005,0.9439886854035406,0.735195731146385,0.5871554987832126,40.074671925028106,1361.7544579336447,139.527774736624,376.59604174650764,0.4857673782985761,0
16.92170830339661,12.111983714186724,-0.5054868533864594,0.5167445531970858,-0.508144698821728,50.65771675187661,1368.6633804531239,80.86033866323771,458.5879810861718,6.07541776620828,0
27.410334177627625,12.000999678207544,-0.500659242132347,0.9844944146264982,0.2237892426841379,51.70338770806788,1395.3647448290276,122.92213278103495,454.6859650414312,6.884242655190152,0
22.3864065191516,12.140977933697078,-0.7210023040756202,0.5087221374632993,0.8023628384972257,59.3468206289633,1376.7264733658317,102.36840642873042,504.3076380456412,7.313375496437635,0
12.176278290897164,11.650659782007585,0.7211271105472643,0.7043583900149011,0.13385837405909373,53.931409031474246,1385.291137119079,91.59759883279656,488.8444619987,2.2434339864625508,1
28.924220183040674,11.955339798649632,-0.5472049191773318,0.6647327169300019,-0.6124147744551747,54.61146391359836,1348.7878520740073,99.10342231339587,492.21908985090636,8.685001619617433,0
26.3618487763712,11.200973812361642,0.0063570534497756626,0.46053152456009316,-0.31046761206809137,53.20291684007225,1350.5163418749,73.97811006937377,490.3904258441624,6.902881673309265,0
21.43062587981758,12.067561725934041,0.9817449560044091,0.6036036333117811,0.1807384143681321,48.1177747870807,1356.2924001437402,99.7249124078154,501.2323982543998,0.5665021929982039,0
18.41584894470879,12.225010336710916,-0.9757181981559129,0.8693664557348204,0.013222279519707003,42.837808848887356,1358.1285470672367,78.34519372208081,529.7072031827023,4.407667087014271,0
29.179039481571685,11.886290293678059,0.11297218102158824,-0.04958524294741484,-0.7027603274461924,52.88838351659376,1340.8395008439422,92.09112411372028,508.21320643563104,7.6775649337248115,1
26.746753112802146,11.192474554707607,0.024578085409891592,0.2765740478250871,-0.1064073106188621,46.6687523411636,1386.3186725311364,118.50599127939152,484.3606500867493,3.1089392672022975,0
36.913011413420364,12.494265931425732,0.6148947528203095,0.02987944314554536,0.08613338982049679,66.89822620441015,1378.6670327551758,105.08381353115314,522.096155389263,3.815587739072648,1
27.100942993624688,12.182262518996401,-0.28943692089444606,0.702073974384146,-0.4653345710848551,63.42182294773219,1354.8864427739697,70.35659002238957,545.436794900902,6.296038272965428,0
26.938515706310074,11.636992451149512,-0.1793172822019169,-0.13728079425698536,0.22489103067970384,56.32839132351609,1373.834212980277,117.0297625382774,469.4185760102554,0.554808801158978,0
24.165360349457174,11.859699776580968,-0.6641240388022727,0.6394535422894658,-0.8596798010295803,53.78466939292986,1365.4579832600768,99.85800476181714,496.7328498130028,9.669350405079173,0
29.083879336003953,11.24966529860908,0.48163046327157333,0.5987091501142776,-0.3267859328689664,49.12040949018823,1375.3965596186274,89.15629463181322,563.9048609675623,1.7448101060972787,0
28.12542600624077,11.487294936111049,0.5694178183762966,0.9237722027371811,0.6085536655551489,37.38876268652865,1334.1138575294874,114.93352607817862,439.3481627502954,0.26671999646260325,0
31.258625042825976,11.731094326821431,-0.7266733584423395,-0.5021586014851624,-0.48143039818368916,47.838277766780344,1358.0867785360513,96.65586326045995,599.2586207940769,0.053229820404202544,0
22.393385406813575,12.614210406140076,-0.2130858520233565,0.41923901977182454,0.21035370000615639,51.01400033405257,1359.839229441884,76.68677320188574,426.34647638932336,3.9955437499939572,0
22.822962635280188,11.680248304556262,0.785809990725366,0.5138389952949725,-0.17994057257937612,52.294564744446625,1373.472841992233,136.9561942289921,481.0049463837395,8.842533654753776,0
22.6044841454401,12.320106829664379,-0.9945854526484257,0.8725569856093314,-0.36707971516950644,54.69536367015826,1348.4312479763573,99.65425114218024,447.73955017181936,8.19762079217929,1
28.954008605894945,11.73084189856921,-0.4024818587547354,0.8138048361110621,0.8322633758200537,59.213301978776855,1311.001385518352,98.37229591035566,620.3359848278158,9.12045798249695,0
32.49187220148366,12.123973780425937,0.11008457010509543,0.14705172341689665,-0.31347656383923295,43.078459283071325,1339.3660056463416,91.89789656538821,472.31574841340665,5.3378231932889895,0
22.7057975342535,11.9293022489281,-0.3318122806800934,0.15830637172795958,-0.5266481970259633,43.16924392790989,1359.7790402857818,123.59931478915179,472.4537363909307,4.4874623387516435,0
22.876131361034545,12.43652830004637,-0.4559096216446612,-0.6654175431915412,0.818602631280541,64.50856679743158,1362.2776845100666,89.5024298371592,479.6088193033045,3.858609761067945,0
26.570386119348996,11.732594330890722,-0.07992503019357478,0.9499254048475423,0.49188871187162975,57.709815891931484,1394.6749624524996,69.10040282376791,505.25815443416724,0.4641807579130586,0
23.77119249993549,11.213735874998779,-0.6369537837806125,-0.4899650745931463,0.3635994273963947,46.09229057866679,1372.654928813162,86.42644676208043,481.9357021602519,9.095212563051536,1
29.76026826569945,11.309025484318184,0.059250481918967646,0.4494724369025842,-0.9009301158662484,48.927888310477634,1362.6306055846298,126.53549200909585,492.691225745768,4.961760922847275,0
13.741113546904767,11.73406125302862,0.4133918426264518,0.591590009610625,-0.7375900785684484,48.972860533251016,1360.3521744643713,116.64264322914235,305.8934525836944,4.5506743105151015,1
20.866474765415525,11.375470014660973,0.15058990525700433,-0.11756899077723793,0.2766799276193257,50.31574122281383,1383.083667643394,94.89968694680277,503.1437909801005,5.151674870141173,0
21.08791833019277,12.205106007839776,-0.8137813382829382,-0.577612559941884,-0.5811343269474796,54.72683092238613,1349.1977909568513,127.46510283280948,500.97936418176545,7.941545181142004,1
13.398219938069275,11.767115917570962,0.6888172283311464,-0.6220792315606265,-0.5487240287392818,75.34992746099832,1358.194324245188,114.95884457643766,557.1212838576816,2.2447108598256396,1
20.181807778155978,13.187303275013216,-0.6500443250250236,0.7129920018031835,0.5582770306872213,51.897565611626526,1339.214837597234,94.66821272730786,571.9983521553671,7.099006789949232,0
20.42421942077037,11.131142702431434,0.5296240012222573,0.02151297349702963,-0.4281501023261147,56.62598150425251,1389.378120973906,96.6818028979784,489.67605662345113,7.107697408540329,0
23.99447672740585,12.1018165893549,-0.2788697784482992,-0.8197260359234666,-0.856825395696168,33.135232938098575,1368.8499787400324,106.58635463890869,544.8925994920676,8.49552782258183,0
30.56482945830132,11.436023488247166,0.5655226961122046,0.4340389455257774,-0.9271361053802778,45.15100007221165,1346.849534079921,83.36226100672368,439.41371707553566,0.08683598463870013,0
23.774696744046487,11.75329932980866,-0.5874541931893085,-0.4996578943899408,-0.11364402550942443,62.288150027166054,1358.7108997936339,100.09010131018702,542.2038288482858,1.7039554323513206,0
19.845931398644233,12.070709736670272,-0.6266757926091404,0.7527895015017585,0.23425715536929204,54.02315391356616,1371.1930152641255,106.1702672922658,468.5138310475983,4.710468520447555,1
24.715227293932355,10.837314312562857,-0.005948307565035504,-0.3808564279400495,0.7377704667836058,6.108854151351636,1355.9856217455545,66.26067522782921,434.841639252847,8.505403874614784,0
30.245868107206746,12.118413058394014,-0.934127970603279,-0.5994583398197137,-0.7783912099347214,56.740232023161965,1350.310587565748,96.21359354864204,489.7926226987772,9.65116861627984,1
20.120205919425477,12.951453731137084,-0.5494053224353332,-0.8302831128901313,-0.6066543474234074,69.18164394628769,1347.9145262803133,93.93887629268623,577.0259845958778,5.948686146794014,1
20.447125580392758,11.773280850815704,0.44802450436869656,0.023062273275294976,0.05960122181494221,30.04092413880207,1367.7792379848222,120.56136039920645,509.9553045201966,2.1213397542302017,0
27.792744796371117,12.129903928402754,0.674766956610851,-0.09852482436342536,-0.27178327551604986,65.19387675645513,1353.8389144157863,63.11006012377932,582.3068481223108,1.8458469582464565,0
23.892319421346,12.5124608465627,-0.8384292721243791,0.5026242892062858,-0.03492509750901074,22.280443693740718,1351.924845304745,92.36987960592579,458.81970074013077,6.394439539862674,0
28.237423453547372,11.918023249986502,0.7641554188762087,-0.07079482561392725,0.8482492979684308,59.37998945053413,1334.278764898892,90.36490705270826,557.6318107501395,2.100691470594046,0
24.931766041023515,11.709519905734258,0.5950344081063581,-0.3123680621512579,0.08978330772937437,49.9135137398776,1362.5528115305433,119.20141927843201,464.13119795196803,5.5308742392088615,1
28.508318240447835,10.862131798139124,0.7393685914139307,-0.47669016873411185,-0.1697587787758481,26.500287847553835,1357.375531224162,99.12906861270214,512.3930769319062,8.348119291439021,1
19.824609429796794,12.320495359697487,0.3968571091576798,-0.4437065090600578,0.9788798133994896,54.461378272397866,1354.5670330271607,135.92189291304737,511.91755557626783,3.8981964846209003,0
24.939576746058663,11.943415795135552,0.3483061345879295,0.8556958036556279,-0.8695686602009274,61.50839749152058,1364.9754135497744,113.24426763812772,536.3820453658295,3.784721897419292,1
23.946549928184215,11.49365807430592,0.050186466689727594,-0.6698427958243753,0.8642268967423439,53.63887003821573,1375.960045254718,91.79554011620962,513.790734095123,0.36140336891073765,0
18.920545379479346,12.063298355138846,0.30557444898263,0.9763528491143003,0.0033236841309660647,55.84827637059613,1375.0313094388093,104.79317393117918,459.3448504198,2.540845784245549,0
17.18261026065656,11.70815982159691,0.8382193291332103,-0.3461610896155505,0.0075126755342762586,45.88323887660938,1372.0545700179953,92.91862381261083,548.416882365091,6.981914596192745,0
28.428745176373308,11.735786934442237,-0.7989559971665832,-0.8232195291650051,0.8439286684064184,31.38610244778978,1356.1865944272856,117.1879218098084,595.2411126878967,3.6039124513219645,0
23.24523808891011,12.303145578054353,-0.36847104430781763,-0.50261923842427,0.014647959186139037,56.918640223370645,1349.6600332811752,73.35604573417976,467.8908117759135,1.5829891728992196,0
19.88859859176335,11.330808794338077,-0.8550900528082563,-0.8831712408907626,-0.12318581893970237,67.49753919446296,1340.1216871735512,83.52608046857333,399.06223579552324,1.057677337603271,0
24.51910531538334,12.523657643036879,0.8896103438880769,0.5800595383278317,-0.455022815765602,61.29580854227459,1349.1368698532383,109.11379837109843,527.4625762594584,0.9505337815070891,0
30.640094286746514,11.301156918440798,-0.10946906800122402,0.02510582508221093,0.3176335336348417,30.121241703986538,1361.3930019027314,124.51512897447242,481.7850783271318,6.591334331178952,0
13.596310773140384,11.668649295822368,0.3506889413523768,-0.32602676226639815,0.13929018195952314,34.85105592789066,1345.2742775669503,55.96062807721602,492.7893429224587,6.126214787935487,0
17.516806550483366,12.961473097033288,0.6822401290086428,0.32409920926312497,-0.5713091261044339,41.5403225820266,1362.9211427823489,127.48942431980831,530.5897765652056,5.185210056020849,0
20.385567790523663,12.563677380821211,0.9820004961529771,0.26129305190064045,0.4188258301226495,34.07024548719857,1341.6908664417626,97.19729743143988,474.8984163595921,5.003264481591394,0
32.30589433360164,12.04880199624772,-0.6764350844154685,0.8797441784551805,0.288173714673281,50.44189919556039,1327.7801622198594,62.32250076125674,485.21314157609805,1.5313685268787158,0
26.412934914596484,11.529734892249392,0.5990252114364574,0.9225210334967593,-0.20533223158691838,53.93415805180523,1377.3881224172958,39.965443162213234,494.49342656848773,5.006042247600872,1
28.836586202306133,11.735363846650053,0.7748457962734727,0.36136755133081055,-0.9911981561928989,35.69746716757632,1351.5117080926832,69.41227868383442,580.8364665891759,0.5993777660037991,0
19.299195404368845,12.036637657292848,-0.9022492462982488,0.635631854488337,-0.10683769964762457,57.77128459275528,1344.2593269355223,99.60590288309197,501.653828226247,9.25858458602688,0
19.40232062364737,12.0187616161698,0.5081811203711468,0.5848502006703571,-0.9878837657394965,56.011039440200136,1339.1230571740512,98.6820392438223,432.0379530551772,0.5802755400260684,0
27.23906858361355,11.954564535187018,-0.29054935760689937,-0.017392934600200416,-0.8500030214019203,44.51840875156297,1369.460719494608,112.6640086941862,434.22668353723867,4.235301948939185,0
25.29137165467723,11.984583742957907,0.29719358294086407,0.40891657606683385,-0.13878019503833183,48.27478014016016,1388.4981542293594,89.01025644878072,507.65764569127805,0.0057105640317223205,0
27.74369409432063,11.892812445147444,0.028096392077729515,-0.8434819846328596,-0.8361602316293446,30.501988243469683,1352.938522779877,77.83918907107659,437.88145996199614,7.861504387832445,0
24.06164504535774,11.279010632179993,-0.48051549582672615,0.5160421663006138,-0.4486691324256675,46.677378437129256,1356.6887325067485,91.73827224678215,414.07330821917117,1.6617018853563004,1
26.390718632273135,11.741744628919584,-0.7295572759920279,0.9236660143847353,0.3109827371179368,50.073849741303256,1382.4326367977815,100.67220573823154,534.9544795013705,9.249160178216782,1
25.790595424525545,12.457312026993423,-0.7661055338215834,-0.8300504937485231,-0.38276931478116194,51.68747595228189,1324.7910859128338,104.61545589910554,537.6474121577754,0.4397774786056452,0
28.88883694542463,11.31583285122444,-0.7933542845830166,0.6722315691837091,0.9952971882430208,53.78876912020174,1400.3373728582533,84.21670601455189,479.75249063583806,8.207873345644268,1
29.035041409722353,11.90522224423036,0.2755800802691555,0.8659600532985425,0.8326040678299622,52.442417432305724,1409.8820060465273,118.02893400670719,516.151261013344,6.566378128155882,1
16.900640028041153,11.590123035614578,-0.2971782972009238,-0.5476222203958758,0.17061980917104735,47.35656302734329,1306.8732494115984,87.57206456551933,510.3466904307525,2.4973571888589055,0
13.763657223295722,12.055675214699056,-0.5667331235882551,0.04962237521840751,0.9338942772698609,52.861949425543166,1359.049935421665,82.60565275350193,533.1330662282998,2.0241960923059485,1
30.008726988257536,11.80568340946659,0.3837701854118061,0.8557164509259769,0.7360345888650441,60.02031993310248,1346.6210593626088,89.1521698106342,533.261244716689,3.5767793337702236,0
30.93862546630968,12.738696832487335,0.37369913153293366,0.9204520090459358,-0.36220296231902593,49.04501926690356,1355.7045645819053,121.49680351405215,356.68162768600257,8.284028831753549,1
19.896884902433314,12.253291577095126,0.0783365847139954,-0.7442352312953673,0.49919249197061877,53.17594890831677,1352.6322986076816,97.34407094118681,486.7725572834683,8.619565483354556,0
15.700822967271858,11.344098417111395,0.8699156337317018,-0.30199154888909874,-0.7263364319921053,48.138289373358816,1377.235181969587,86.10972993860456,528.4847303497974,1.7528537952432577,0
25.495174105036003,12.33561400580685,-0.22917153711715743,0.39628928230171323,0.3691028487574821,43.53241083520429,1358.7486018606403,118.52215500897087,477.4248874928542,3.534480396843307,0
29.654191131752647,11.612674071868968,0.671725942538586,-0.5568830012281394,-0.017836347010839138,55.22879666917604,1342.7818557160008,142.85497079897493,501.99114515929045,2.374913839022539,0
33.987972612171575,11.711501814311234,-0.8497211841356074,-0.3504587427310384,-0.9663481214943506,44.44774055829795,1357.5562967740975,104.19365268617895,541.2884989922943,1.226428476378979,1
27.581487860507256,12.156909510053561,0.4796621880770089,-0.9534178799906134,-0.4515403552192585,53.861469009921905,1371.2956847392481,124.67684921730867,504.45088782886893,6.46449387528928,1
23.141416517071526,11.754126290134932,0.97689482766386,-0.6929566381376022,0.9107644348084971,50.282553715100455,1337.3255734446943,120.72155901149578,582.9355679479177,3.458710232355353,1
20.534346892075686,12.446427908161478,0.6931964325756337,0.12465898883548765,-0.3683370298230386,46.96065323479857,1328.0753262206003,87.88720496683334,561.9842438754616,2.2538404477633414,1
25.057256458353272,11.612744969243302,0.15932943862011872,0.3061801326083655,-0.6370910893971187,46.718571678533394,1400.8548560167064,100.53268360952465,493.4789715865711,8.659977735019762,0
23.503676480573716,11.690526723704318,0.2535321286543213,0.2978236621916739,-0.6249371068555833,44.918790075843134,1348.1514664058313,74.34910740592025,489.1074606101372,7.483179309035664,0
19.92466047135592,11.671814553225946,-0.2934209011261064,0.5567209415564334,-0.04157347071610196,33.54198827910986,1358.2529402616096,95.9011546727673,343.23217421392496,7.737611486963425,1
35.24377825431643,11.71718062582248,0.35897043651620786,-0.16943717252241708,0.6852984813410699,53.82895095161692,1353.0440918834886,87.47619261748552,482.0423791710211,0.3919589118328015,0
33.925842010360654,12.549595777773906,0.5407907663626541,-0.453018567517689,0.516003530266693,52.315468252783205,1371.9617540816428,91.9422808564873,425.57021090092104,9.151304492310663,1
30.68024341777714,12.314398146805152,0.9964569622357078,-0.96883859991495,-0.12629598492445138,58.49670252448494,1396.455798461821,85.00209937239327,512.1676248100342,5.747383779742352,0
20.395748010954364,12.854971977006036,-0.015074165999134026,-0.5867403478952262,-0.5825462331260789,44.685430976932054,1372.5986768345856,94.25806383608865,508.40788911160007,5.038028046845188,0
29.275096621486394,13.133822101949628,-0.8773918684531155,-0.3752243755959255,-0.9078701997956178,68.95383625476667,1330.6326970492003,110.64465372529828,538.2720665814728,0.10585346027781162,1
28.19813204748951,11.48464148403383,0.19171590146197048,-0.643586287039069,-0.07473936103453793,46.20264052150367,1333.3175314598293,97.61016179120008,576.8168759571505,8.976622104341047,0
27.212728121020266,12.035209563663644,-0.7619517000356628,-0.9597110570067955,0.6295506970363833,41.24890357805304,1353.0207044934616,62.71253604489229,498.55518136804176,5.438904704860006,0
31.248326335218884,11.411899841678284,-0.5104699128877799,-0.6851047826696168,0.4593639871886275,40.06315080157335,1355.6353360093347,85.07758870203028,625.4228971557758,8.251534623405353,1
28.176855714306388,11.611197036125866,-0.3424401773885255,0.33219910713514467,-0.18279846474549943,32.66077596770337,1326.560974609068,69.61201294883494,512.7848294870947,6.555109607382938,0
28.70007118152168,11.684958744872166,0.4620597462968212,0.2591708329451916,0.18940534383520058,65.32627892393128,1377.3868184034889,104.88120451963536,427.9380983455852,7.966936135108805,0
28.18453141686105,11.471422562930863,-0.6323837522429989,0.8713672787960849,-0.12750695810756474,63.71067390768662,1339.2735888423704,110.06634728108375,469.0860468689434,6.929317485578023,1
26.70395704001053,11.474056363550794,-0.6684941063152949,0.5963365827946185,0.15803221958035563,56.007451628847576,1390.8660312425152,105.1309644370833,479.4989314830698,9.209639023358267,1
16.081944351429083,11.927857810739873,-0.9100715150023451,0.1355122336823824,0.03501048878709834,41.0391119222422,1397.4126519441145,84.25191213401226,532.5669933134358,2.254841863395497,0
25.418105387052787,11.391640790806797,0.7464798727077617,-0.7248873050135773,0.36193320025031794,68.1126768155912,1356.0349293473564,104.93707858262432,447.9012554873885,2.021001047329072,0
22.219040205754375,12.421063479568817,0.3870108487121213,0.1281436378503138,0.01541768706624791,46.48280838478344,1369.7794528083637,90.5977148846225,483.6113264454832,7.1254156194512195,0
18.6007952117999,11.541123231291243,-0.920107068764747,-0.8768098781716385,0.8812219963351171,47.30974168773348,1336.361055558316,77.23549100499496,491.14278455621525,5.01394800583469,0
33.40908309650412,13.404784485048197,-0.9434153887237708,-0.13823020517829443,-0.1439436368366276,64.37259080436075,1373.4735265295824,114.8385983941786,475.35335557894507,5.991611703348701,1
33.644976704428515,11.774307774517803,0.11734859295011213,-0.21948274210560914,-0.9681673939205782,56.58910584480872,1351.0361515313125,116.36055507447544,544.6278459923846,7.085424691912269,0
31.79610300147806,12.036008820958527,-0.43493119742657793,-0.14437238127411667,-0.5272529291820309,72.01103138754593,1339.255293568233,118.97790962167012,535.2726763655945,5.474281970000026,1
26.276067084279372,11.352329407766982,0.19345270086385757,-0.4403481632104256,0.0012137162133118995,52.4872226031902,1355.2133002349403,87.83302799935088,564.1611924307177,7.876934476661962,0
31.753125604763284,12.853045879063819,-0.13079164863806936,0.37166089524764745,0.08114370377732394,46.029692004212755,1351.6850398318927,123.58724625386158,481.793615038884,3.1886735593585245,1
25.060265903009128,12.559750340401457,0.8466251246205092,0.681888934597559,0.10476957862410696,43.88195116540204,1354.496811939925,90.12835497343865,566.1390162206346,8.589904435996921,1
26.013986384488895,12.148457935368056,-0.4243819700772642,0.5370339851979551,0.4291041965401643,31.53003822809373,1379.993598056327,113.07002643077026,424.9801602712625,1.0767635292560074,0
19.532643147690084,11.326598725610218,0.358290736877787,0.25550419158176063,-0.4507037147649442,47.214042271937956,1345.2938481472854,89.7817467646665,423.63886344555783,6.340039769611868,0
26.9849565224942,12.10533343886231,-0.8918913767628016,0.07668959866602654,0.32980735808295436,61.44593338827381,1395.7004599954776,95.52035672508458,433.24090726498326,8.901325075267977,0
25.301929642122087,11.439284476991373,0.9117210683778507,-0.9378316399839393,0.4080645462384256,55.98834172656069,1334.498807343493,51.57644285221621,500.5066430947649,2.5269412790170467,0
18.486739415827678,12.73117763173668,0.9615149358167043,0.4458679973838424,-0.1774384947583474,50.203080065604055,1393.308605463572,93.96173571166169,566.1307964117766,3.2683467492391296,1
24.744014440917017,12.404597365926586,0.4781492580328248,0.08996587915699483,-0.19566180170735592,40.050655561836706,1340.669787561866,101.82179933570055,466.88218556482036,3.054417784927389,1
24.601352180715956,12.047719519243868,-0.0695750568728537,-0.45851789867222625,-0.6421504286871005,52.26873018012737,1360.9797353492677,91.79900765272322,473.781862726956,5.642637117750338,0
33.9878058332232,10.781812168376339,-0.5600131213454773,-0.3443159222931167,-0.17202524748925252,60.12813705195373,1351.1960777304396,135.1237613617028,488.11901245798646,4.128718155651486,1
29.471066642567045,11.508292010670484,0.6250326804959294,0.8712135729394828,0.5736325834140248,54.30719256469985,1354.125426569243,76.75067829349447,531.505546786321,1.0795928499490237,1
25.05722719545733,12.343880565799935,0.47270819429404454,0.2487244902344541,0.8179460110997678,51.66735169633359,1377.027144727111,88.72837525792148,473.73060831549844,8.912872217564601,0
26.243936549005415,12.606441845861578,-0.5560919208781019,-0.04817513068494339,0.18722638263593083,42.03042346718794,1390.9965359445762,81.90254780028293,470.66206731459243,2.0467662915867413,0
25.22106189052099,12.554584905746065,-0.09756941168546862,0.2418434794168154,-0.4012593132914024,58.67181814112013,1384.810494099113,88.72446042009058,426.00326051532704,5.340800109885296,0
23.98543007602226,11.203993498879273,-0.0744021243664299,-0.172515350028686,0.36457943731946285,18.68095181255819,1352.9028733531632,120.62826125881409,468.5553388852583,5.948048959372615,0
19.587864013058564,12.150776153406452,0.6528210999454183,-0.0596354535939676,0.4802924173920078,53.82845708865145,1364.6851044480911,129.56063588653927,564.7603964114433,0.40751843647541697,0
24.244740611965355,12.507757608241464,0.36768936866815305,-0.41938148658465924,-0.3355744424386753,75.70321980944598,1345.3584425266326,85.98414778162116,505.0009304663162,0.9571232765433724,0
21.269508716737434,11.170832217208877,0.28633508708011024,-0.12029339881671097,0.6530957229790935,34.91626612668153,1341.1689937485062,85.53984914553594,459.3080019363647,9.716897104295516,0
18.748422305384267,11.996047742313381,0.2996548451265568,0.3711844648758209,-0.8526083357233198,47.58630545298634,1338.0739818854265,76.8574270281217,567.9879185000914,6.645123401493825,0
27.556109072737673,12.136921199154228,-0.4590598412350422,-0.9201161498270616,-0.978492564799949,49.920890098752736,1352.2485338603174,126.12570773038607,467.8132573866897,0.3356517704642692,1
26.956323299666174,11.849617707576632,-0.256577480340932,0.5900548145923097,-0.7540584547358948,45.37417185943423,1365.992112620299,122.42008813832605,578.0975568715356,7.941992206529988,1
16.066462443159608,11.073919072299399,-0.9086754291265877,-0.43404091827737434,-0.6879833043449806,60.36374242558979,1322.7636968049699,97.88036400022426,577.1983837845055,5.085428092774855,1
24.386576812524364,11.837150944963136,0.5738822716242475,0.36511958686499946,0.7578580658954426,54.72451014355301,1360.0729259483846,72.0780160738624,503.0806394506068,0.7519957207847561,0
29.978506929499616,11.836347284872488,-0.1340035696603723,0.28545062936012,-0.1500365955574383,51.523003725473195,1391.3205024909905,73.86674869087496,417.57977599455717,6.807520980477912,1
30.296118694481606,11.925963797726123,-0.12352328582485295,0.3052560982826107,-0.4501366160592366,57.9727256116928,1383.4382213814824,103.41258900769186,625.9225338440165,4.9935180586846855,1
30.129184214426193,11.718264287287464,-0.5092874701327466,0.2162578325116058,-0.1418497680263613,50.16750709071742,1349.2963184694668,110.98675836892997,521.30018309455,2.0491980111092323,0
25.1945660345073,11.778493923379266,-0.5811454370811422,0.9182036761390697,-0.21031821459873545,81.79864488823515,1333.0625418143443,58.677103899577034,482.18621364036755,8.777022720888196,1
20.774773360154246,11.980146858826512,0.17564385913805847,0.01668832539078169,-0.397076664023966,51.51346933656741,1370.1966061292965,93.57380178924234,552.587035312628,2.9137985830025412,0
19.5815058632097,12.221227302484856,-0.5348939695926485,0.4646382310307029,-0.7242008351760694,51.952820984897045,1314.65143499585,132.36591779114767,538.6266532861741,2.845566354533078,1
26.72302452375179,11.847786618571666,-0.8715822968690712,0.4108986624691553,0.31183092394776124,32.89531950426725,1383.2030823176535,95.6498158673943,572.1016092437542,2.7277358179227873,0
26.896400171825814,11.795175535815998,0.5350148319617967,-0.5274648454433393,-0.7267911944406893,44.56549672696576,1356.7282508423352,129.79276181581247,463.5708716226057,7.674557770890512,0
31.43665555802533,12.04617701912723,-0.24706113118726813,-0.43338832162634877,0.5508489053453487,61.4737768179981,1397.6260064115481,112.98092257911367,517.5160377025916,7.061186703805321,1
30.49989825171042,11.03954203705241,-0.2395288322013911,-0.15196580368606427,-0.5966239734390928,36.64543149640127,1326.4606902884707,78.31440798329285,434.7771373365285,9.031456854703574,0
24.33885671734414,12.238517563613229,-0.13736343696841735,-0.44460413907358154,0.46274261426662333,28.424428256980452,1379.3629245041566,94.14657413296288,536.6483917657679,2.293392195842797,1
18.778970605695655,11.99971845143852,0.6300896468161876,-0.2665138021400806,0.6111722113909339,50.323154711875745,1358.989823263716,97.42611522910595,498.73800467050467,7.863645955428083,0
23.40446701494551,12.019846763298782,-0.35832620812036575,-0.2180787721433881,-0.7493479804510985,63.70744507474978,1354.3789893705584,80.94976863812987,515.4555090517747,5.73045576528096,0
26.086155974052623,12.480367153797232,0.5160724225156721,0.2077291218766879,-0.8265084634239919,50.42381228696126,1333.603130695757,80.60263954378118,491.95076518877414,3.0867960965266783,1
23.989583773052978,11.023592234975876,0.8790896815590865,-0.5602199145298767,0.8991455413073197,46.63875397373656,1372.9149581342344,130.13537184237123,486.19561486764013,0.3545413240775064,1
22.11052945961172,11.013083065070518,0.3217363918495988,0.6085837317533747,-0.0739063864948386,31.4151206225902,1374.5227476955372,80.45278760614096,452.24728542919075,8.1894754985111,1
26.264424074849494,12.13690192266176,-0.13663783764595072,-0.1249272864569908,0.2604709899459767,54.52254122702193,1396.7025560393179,121.5687215281736,543.4736618076329,2.4107137151335634,1
22.480211292946947,11.996441572435742,0.4955794462933294,0.4124882233664937,-0.9534791197564645,56.61275108883045,1381.1610052572119,91.27031043269967,581.9337220207791,6.317430362149194,0
21.85966958137313,12.085088471595967,-0.08420526049722898,-0.8371150375183642,-0.4425796388873202,32.182675008988994,1349.1220934208852,99.48721340233655,469.3832402599453,5.488679360598125,0
26.557264171517197,11.768936462413777,-0.17114545778371837,-0.06006921175126623,0.010795309118772467,61.34532448697219,1340.9227483276497,111.23688836477145,530.4447277734102,0.04449538646783879,0
22.990037099353977,12.332176837119965,0.05056632714536646,-0.9435609356453434,0.7724366267788079,57.65695525892109,1333.6301713295522,88.02882654190643,523.7700993563134,9.943436299397625,1
26.22052194489176,12.46631942149556,-0.3645553303814124,0.35181998363112954,-0.45712116487124743,61.323159425473456,1390.4644869127894,111.35808626989066,500.44537962418724,8.143293558001288,0
26.366020114260614,12.241991146975764,-0.7914995674399976,-0.31257984600586086,0.5503826397174392,55.835250918333415,1345.4365143144428,59.07140600903236,416.03723466494057,4.86471270636682,1
19.302854994542127,11.869585770797709,-0.17029598894766962,0.8985056282116572,0.32442585651740363,56.536827088113185,1390.6045973794262,108.79414776829273,428.4121456889174,6.80341370242383,0
22.59379438067294,10.946155306192798,-0.7522862377413961,-0.35175157079716124,-0.7694584643885101,55.20720898701739,1371.5014408172412,50.62939750856728,457.0459926866636,4.765942365907726,0
32.18888469958231,12.384618104018564,-0.17911705288910662,0.1276117960354537,-0.4132496544160069,58.68472321501196,1367.598057631879,95.46306546603086,382.35474020354377,7.445862712787308,0
19.189602436328563,12.610864333108797,0.11386744242690061,-0.48522484861077064,-0.5242719271227605,31.812422308760816,1354.862633748794,117.08485970636983,577.4416901448088,1.3432854581889409,0
14.416727755147345,12.32227920599199,0.8614223624112936,0.24022525789468063,-0.11494482485342905,34.98940566378485,1374.213458260045,112.44590612116752,520.2236776048843,4.463509952340303,0
15.690774233787442,11.560178786316246,-0.9275553379093928,-0.06591529973353083,0.27066848609516847,42.63992099810228,1360.690584743264,74.03179042076118,498.3521423380483,3.3553717707286,1
25.145549732883346,12.33689719683388,0.24291681300388834,-0.25874347698873423,-0.1331604889829867,48.70179828327447,1353.6157341706237,76.60671207812966,379.5370299402694,4.596552434940349,0
25.154586390163495,12.430264853980722,-0.08452962669984543,-0.5926213018396402,-0.510926848496388,53.88136923308179,1374.920095732964,86.2265591935473,399.687102973878,4.504726528603642,0
24.411945722874396,12.779408123899543,-0.9594777435917217,-0.7769573120570894,0.39175753645655087,53.2468165322885,1358.1205578155773,103.72431724716269,499.8712236497173,1.4309394977919432,1
31.07094914464251,11.561945037886021,-0.5009036481225593,-0.7602417320866535,0.16894218942297967,61.17105811456031,1345.0333044252234,59.36133619912593,608.3769481016187,9.76488570709029,0
11.63582783448531,11.88677270772793,-0.7630294952903969,0.9980800350111063,0.03862781483138389,61.48495298580351,1372.9965355092131,99.73552848302883,461.5745692269805,0.1549214278812805,1
26.979669372154117,12.373636025571727,-0.5664117085371105,-0.17537854628553062,0.1088391948919567,41.27614891706207,1359.7202868874288,106.2285874760013,547.508890792684,0.10072944817398843,0
32.80719100901787,12.02870503571908,-0.45085951307816363,-0.9961405842533211,-0.5561987074123529,52.38576110050471,1370.7782002351562,94.33925638258033,473.60536757787713,3.734413185336578,0
19.36109617554143,11.441336198974362,-0.19738732923560742,0.9058575812520286,0.3608621221849124,41.52168452278162,1351.9228028329162,110.50641936106103,503.03815926088765,6.203763493468175,1
23.100967441050525,12.207308142513352,0.05807878697778057,-0.9600401515403747,-0.22499892892246343,48.11752961646433,1336.8175739063809,104.47448316652408,566.8076116891112,1.7965322681492824,0
21.235540413856896,12.289330816907583,-0.9980200121472278,-0.16282774889093266,-0.27306436053996075,53.21791369048495,1395.7014792502855,89.1669148120221,480.9726603408401,5.33194003904161,0
20.528269769612358,12.043981448165502,-0.6762612787425184,0.43495517194131184,-0.7005315834664589,15.912879235283093,1391.9322282152714,61.2762127948102,462.04423005713267,7.227719679634789,0
23.3686899748848,12.109792463589972,-0.8128672287823986,0.8291984887435233,0.19367466910089282,74.11244039639683,1378.6756992252392,102.66826163141646,577.993880476862,0.9406060904015112,1
32.13742641842252,11.870647049157135,0.09934679852548745,0.42577258286420205,0.2053288210930131,55.66408677397475,1353.2437862925146,80.93849269540044,502.50568016124777,9.844224080159334,1
34.1869333774376,12.73913946785803,-0.34185025919746037,-0.07274849019997642,-0.3193987126669433,44.04296724586594,1354.9936405367785,88.43314750276909,560.016279982239,3.367006477392943,0
23.32030387479926,11.54965390814366,0.09679547206943617,0.9488840779682068,0.7197001137310681,69.27369755230228,1388.6465489179293,109.58248435926171,462.3113108638422,6.42415413787249,0
34.52530107032235,11.706339618618111,-0.5563533956506443,-0.9213612339334591,0.6909157974308566,46.52568829513805,1353.9233992486518,128.34666766868702,577.3670814928537,1.107198581865757,0
25.177882384923123,12.005492756763763,-0.9515412918248303,0.973784405076016,-0.7818913870351374,51.32519385828058,1348.348879273054,99.23879753115982,515.0495000994036,7.094863887213264,0
33.768455133505405,12.439477013850446,0.8827338025404936,0.6987831034168779,0.39007677561983645,45.12884189602373,1398.4446935127291,111.08129672891741,523.9133194418063,8.40456347062486,0
24.533506751732542,11.251313414952731,-0.783383757622012,0.8578600342527183,-0.21233048762995543,66.51991837443339,1360.0464463677226,71.11041317694219,507.2396121286046,1.0528514233062236,0
25.65528913023072,11.34485162511728,-0.7462825040765664,-0.4904551518049267,0.9994297021257856,48.950152936941194,1396.3685065702768,104.91047161990069,472.1988759901924,1.2586315437006623,0
26.827372363214174,10.98113574613264,-0.706906346979719,-0.7150838554314605,-0.5499527406306952,51.494841007395095,1333.0321617862,98.80188124645674,499.90744542277656,2.810474143872277,0
40.894268396837674,12.016347612626635,0.9625530479865454,0.32663055874540015,-0.4389515891710212,62.03782153025446,1371.36369765569,124.58455161252364,475.65753691058484,0.11935815375329284,0
29.256427874223945,11.440847091396728,0.2353204803399922,0.03171887597223999,-0.11578741088854505,55.851394574610765,1402.4216519843324,89.19083047942487,552.7750334454632,9.860512943372298,1
21.463677350242683,11.807724944991042,0.22057990340770117,0.04633592148875887,-0.4625697026386737,49.45651934865928,1361.5950148931772,95.16724765675258,488.8318558112236,5.983840749526497,0
29.84498935137929,12.330689094945853,0.9733964030370592,0.8492383569664352,0.3839867327730284,61.10390972357463,1355.7199101546441,121.17628934265589,417.69210247133555,6.075894499635455,0
23.190837314578292,11.679228639608576,-0.8231224614506905,0.24016181330652442,-0.0381837756370389,75.38483229427952,1337.6449616480315,98.159324152107,407.6316945755894,9.58962169651636,1
22.551249085493954,12.115641011371682,0.9490017850845782,-0.3778723297908202,-0.5582423303009196,53.174104487994214,1382.646861088705,77.82317237425463,405.0305016223766,8.32029254319427,0
29.543006799460557,11.85033104612414,-0.5919737068919182,-0.19986688716424794,0.012748138973125211,51.167600878725665,1345.5974383471862,151.03266546580244,533.9883916654668,8.142429309683495,1
25.155427938855762,12.336057157548218,0.2461430071240709,-0.7330083298162975,0.7775755327300768,51.70627083619082,1359.1038288122002,78.42814473326533,436.66726287446056,3.3950236990162566,0
26.392879572559032,12.237564033674005,-0.15983286939441665,-0.6153719194486214,0.5847912937001056,63.10429500831518,1336.3099544041477,98.70599836900952,516.5047176711212,3.3486339346464544,1
25.069926109326463,11.654033151912696,-0.23209637304564357,-0.713299859580923,-0.0023421511463579403,44.00802264967078,1392.1378920019486,106.93376312051227,507.51159846202773,2.9173795981264683,0
26.682915633027175,11.915674123299773,0.8624866569589251,0.620582682422709,-0.4230147937161046,47.21682440288339,1384.0977062145137,105.3523501806223,496.44102727996227,3.4669576177631987,0
27.124829487180747,12.521871698860247,-0.7015445431194871,0.4097469359442376,-0.6402270705949444,34.62557050873359,1360.3683050157374,96.20512591987202,524.1122861860304,3.6950876135985053,0
15.315165336472923,12.196688435127049,0.9941380221524871,0.060690035221703686,0.7567657543737909,38.16132137360026,1337.9170212882614,96.30479258947383,508.7066945399789,1.4000368898059334,0
28.332863343047666,11.301518971124434,-0.24174987781690294,-0.2512643327448585,0.42033388099739266,44.8219999730203,1391.7181409848527,95.30136267424089,350.96486414704776,3.5594786270209355,0
20.089902900848497,12.32780903058569,0.2975498077771088,0.33698858064870096,0.1443266062949169,49.44063005939577,1353.6813654590571,77.68132282817255,482.200611753333,4.467470352447275,1
17.788504322202943,11.457694688781881,0.9358134629667203,0.6258106953915219,0.7588692919073368,67.6908332577012,1338.8959031836496,143.00438428845456,523.3806723734887,3.0934733874665854,1
24.70794378070659,12.706256534980502,-0.8847978992420504,0.762466431343418,-0.756619425251821,55.35992804925225,1325.757639750549,95.60018164573246,590.2155545915249,1.653469681575478,0
25.419905016572272,12.512049419920512,0.8457287258503812,0.09403245641266711,0.3649785720041365,40.87921489810206,1348.0806973621245,111.93861985646191,592.7551689120373,3.734103981784976,0
21.532469177138594,12.1449427379592,0.13562277070868656,0.6397702436394017,-0.5665753751735361,42.72019514635885,1331.9072375494013,93.30694284636789,425.0267217528109,4.809077732164359,1
29.155159288339874,12.078616421718097,0.4087937579549046,0.02261190682539005,-0.758845117968026,63.74748683230654,1348.5435832695434,92.90472655289032,480.76510853779746,7.2072838666712835,1
18.289124168145463,11.89548387198629,-0.7016316322273033,-0.050939821624218284,-0.0687829799861337,61.266103486291925,1375.8881746739544,90.891126746607,413.86368524606013,7.112377614746704,1
22.965281256137207,12.339261975700014,0.06677486166206448,0.7308637112442005,-0.22521414047129262,50.28149910224203,1353.4919967204953,69.00308424021499,583.5936791310546,2.026950310833242,1
22.075629325334997,11.81461091526897,0.34702742945048737,-0.22725212747067203,0.8823472186503709,45.574735344611675,1368.1138676422743,96.78757719758461,555.7070914481703,0.36655395168237126,1
24.767063648303303,12.117784935319946,-0.08750538522463636,-0.20817464191859547,-0.3520409064963672,61.24932835704643,1346.5333068093553,91.85984691361139,519.2823337774746,3.0379952180706926,0
26.394321423236192,12.435967183259725,-0.6900296437878866,-0.3901773094301677,0.6298045181040048,40.066728732753134,1362.3033813272846,123.43049018369554,509.13521736931153,1.571363048589508,0
19.960535251882277,11.719096728237204,-0.5117618498288468,0.037403456589233386,0.49765400093668943,53.92030398057523,1399.4180164417205,76.06599764830969,575.9347105192211,3.9578847921569404,1
28.62141338728114,11.691903630004653,0.708785581986997,0.08970006737892144,0.3358477401170725,72.7265899089333,1354.030278439462,88.4570564489029,566.6228857118076,9.793461191526042,0
25.3150118416735,11.40281725963777,-0.9310580143344744,0.32092229062091393,0.8408009459201191,52.05355682251457,1368.6885887523931,82.03119066491836,563.6924583160867,1.8107137090522096,0
15.540268733440447,11.467763626936915,0.4177241568816248,-0.13899537978085896,-0.1841508112373158,42.24390520738396,1329.6894554506312,128.85060788023617,525.1173922880242,3.1887394342296895,1
15.207042798014845,11.085802344279248,0.9987800730290537,-0.5643254162328013,-0.2206576280342687,54.10368702671538,1391.4021224483374,82.61183110290658,480.79244352672106,7.2511431631957235,1
24.938403535353444,12.364914394507764,-0.9850340077864668,0.7336841248277517,-0.6781051528369813,45.299912809846525,1351.4558674211028,111.24599689452273,542.1918657609657,5.091827828619216,1
23.89516341106823,12.904457271041386,-0.6779086343601202,-0.30799826552397125,-0.4484758490098617,36.05884156246586,1382.01067299813,119.4032294681196,544.8823047890313,0.43928143573384926,0
24.482899432126832,12.712664471735152,0.34828860178626897,0.8458868396803494,0.7595529121217415,57.010360268721065,1358.536394084822,97.07754177169184,489.5149391724422,1.6169001816132167,0
24.86008771734891,11.186957755686741,-0.8800183308293035,-0.5852933339470885,-0.051235734177264014,61.17834400549722,1373.231587300416,72.46377998119064,480.68130946411674,9.352495547731959,0
26.127799197550903,12.3624273357781,0.1795799677117178,0.12011495247246096,-0.3172933556185791,46.89093327927427,1374.42024854422,72.7169228247262,562.3322298257016,1.0316499273902846,0
29.7382480492415,12.711053174961778,0.36800020712211223,0.0732301870589045,-0.5677758898356577,46.227643259037265,1351.9511932097457,117.19528129592159,591.5263859823284,6.350927872097057,0
19.44447549541221,11.771595009630667,0.17629269622814037,0.6572956958539906,-0.030079499512770003,40.384346088781705,1382.838128715237,74.78811962400286,458.78323204968785,7.923256488409115,0
19.140142035496027,12.050723715325026,-0.2696305939578656,-0.7222972264983405,0.43333074092905766,48.50064399532433,1345.820302720138,107.84053222119825,485.5142828503614,2.654390627249239,0
19.533380710563087,10.996053474597664,0.39456459197327787,0.8198743458349227,-0.4266159490858492,44.37631617076809,1376.5586844005509,102.28698219641193,519.3013192050084,7.250780031386901,0
26.444583335843536,12.133368083988321,0.18858885602764097,0.06285634434414034,0.5154330416253083,39.889673132967445,1353.1958941166695,107.54264968622054,526.7629448761736,1.6989517903018025,0
31.224736893232226,11.46822013528264,-0.5847256558121605,0.1722187678287328,0.25957554944983685,68.92168830399606,1367.9911589726412,109.43169615691775,471.2698502417288,2.847502748337903,0
22.84330280880245,12.099817508955757,0.1262710871702195,0.020332586595534163,0.5751251250794085,54.66492816749508,1351.7601399529149,81.32658431164197,603.5936346689224,3.1182203088420746,1
12.491500779201727,11.21939853890556,0.763814434277855,-0.9279501863274671,-0.4981807422501754,55.723951080293524,1361.9995194941318,80.48943641970517,523.2152396049844,9.964349905642235,0
16.48003568694812,12.271429112238797,0.33366657138089995,-0.005818676386803778,0.2620562894660907,58.83399568932427,1339.5061259661647,114.29854268200805,529.2260874658804,2.1457229521795727,0
20.83481638601994,12.512256337713344,-0.05641698521230576,-0.4729006746460189,-0.6925294410223162,57.710362167598056,1365.951139693776,87.41310778871207,596.7386244831465,1.2920746463358501,0
22.211355562523927,11.608410069142415,-0.3568317942610977,-0.3146236392443371,-0.2724060356707265,45.86890047203285,1361.8837566991917,44.99703015989703,475.3016106115476,9.256914374814103,0
22.95805686372637,11.431538709294783,-0.8282275811248543,0.2982031983742799,0.44872018968560257,52.725526229714674,1350.1969289185506,112.9751059576773,495.1362467956747,1.6193069382035274,1
25.192905614904586,10.921988478725009,-0.5107457344819426,-0.004605741051788126,0.26333677115987175,47.3096951573934,1359.899440672194,79.27477423862463,431.0672774038104,8.792799196294053,1
23.441268345887764,11.866793232962412,-0.9776264938262462,-0.8135635746650791,-0.6242785493249561,54.3846362477666,1363.6800895233582,109.34271755810506,490.5207240260532,6.5045662764669,1
30.246698052717036,11.709203032859197,0.9732518350499288,-0.8539174504764822,0.7166853441850582,53.41690885958164,1348.6728589346978,127.85643698633939,418.10898618355503,5.768614980705188,1
21.619913471593158,11.224490293825973,-0.5550354957425201,-0.6286846087652593,-0.8932980353096363,46.17339739135798,1358.4248284854066,100.33524914523895,541.1317144806245,7.513387115465768,0
20.688410202622286,12.226509378156086,0.6297518853707453,-0.6182297068555527,0.19043137703329904,36.70701277078201,1340.8889611821016,119.91531663327062,523.0998212538495,7.259989571480501,1
27.39437769260231,11.775014809067676,-0.6627102363900428,0.21660151394272975,0.9676410004632126,51.46237056965508,1407.9146607792202,103.07595361072404,484.7611881128803,1.1052618941831371,0
17.321789650369404,11.462132020677384,-0.43279770078885216,-0.6443710719089144,0.0630094636854972,47.95730512192701,1382.1823732041637,131.74858656282294,494.47669607001836,9.994661104066891,0
26.94845852660001,11.722713797179777,-0.1634453615432665,0.7634388465495412,0.6013436399188414,31.096277522912416,1366.461882112631,78.75785782485788,541.8806528353945,9.418897264487287,1
25.512765918631334,12.535652269464808,-0.3511886717167898,-0.5804786787731737,0.19036194637820425,55.076617688887175,1384.4422585495338,99.8357003916702,437.5312152210556,8.965919628619162,0
24.26278755040916,12.30146847187761,0.5967016255197222,-0.8177371091472347,0.5661766298459852,59.65342112242776,1321.4149504663244,113.46323210082934,511.2292327098888,6.222891339424068,0
32.94138053574631,11.934986969250755,0.9153868160308463,0.7514920327192938,0.3111882707105744,75.2835647520895,1309.8464052433199,96.1917648597991,538.473039355231,5.227913313323142,0
21.88896277352641,12.309552509232427,0.750588967301697,-0.409344847846534,0.3822640290750574,46.08802496679339,1353.0141787650018,123.04437993305339,401.9749257426017,5.3627858388166825,1
35.30149085262039,11.419544021806631,-0.6928442661044869,-0.1491547403325284,-0.5443776978272319,44.61288103450932,1333.4287171279577,91.3592092097844,537.6715903136111,0.1493694422823244,1
23.872842753859505,12.016185050363516,0.5533773526985806,0.9180527680248847,0.48364182714583537,38.90578969560759,1356.2678895110334,141.38742303257777,407.92656452061385,4.994695019454429,0
18.61491777514886,12.073661165243236,-0.7041061733905771,0.8887384383155477,-0.5241802266713385,52.08641906487007,1365.113132811898,142.4439500854449,493.5323033881657,6.237695676599198,1
25.349597904974125,11.765081745750637,0.8267622131242027,0.4298337785298356,0.9612805502851762,52.02318180558355,1379.4082899668122,105.64143992454599,436.01348927476255,6.5870620877494845,0
19.61877399840616,12.217729167978709,0.035757151337156845,-0.8621220965348906,-0.5444256180775906,41.88703665213251,1338.2347203144957,111.05202360709234,578.7185618609508,3.3213946505131298,0
21.2412207609325,11.609783272677774,-0.3272378238865865,0.18668025082279494,-0.5266319928046874,48.2507011799616,1368.9926137232014,123.83342871249275,436.3583420216209,4.712823502935494,1
26.985166500077455,12.254910353888059,-0.6859490053316144,0.9781558700845157,0.7173462409677283,30.213343331106433,1361.2877938630447,76.25605202065266,409.239555941904,6.363106066625744,1
27.777910443250626,12.275929385765647,-0.9763818236419908,0.893832456847961,-0.5140282760743617,59.26376747833247,1367.9501861986616,73.75999970844418,507.33436778779736,4.283055102751817,0
21.889161498728708,10.541420059651466,-0.5041060166782305,-0.7879950149601143,-0.2781944130174341,42.29320740327833,1350.604560984928,125.12837827715269,477.2463360988547,9.62135198983525,1
29.937025725232004,12.595152851755058,0.8280401265626238,-0.2080653938192627,0.4292803223580539,49.65343648587021,1388.6627027972424,105.47976945745998,417.2467124234837,7.054421098520002,0
30.78753879010567,10.476183717323623,0.594524384544455,-0.3689265081943214,-0.6825028396104735,35.73306578702221,1358.9298270314055,95.46989508040421,528.9198359535167,0.012737462508904951,0
32.18150878281645,11.691975487221937,0.939587415501439,-0.7405437861901889,-0.6818564903449955,44.17646400538427,1396.4836444700754,100.22246605762322,390.4675515652676,0.23279481482253006,0
27.64706703562861,12.512674017128877,-0.7984769577572539,0.3895966224975218,-0.027283153466762133,47.20408846482473,1345.1922269263555,52.27917055271861,443.00674650792814,6.903002034683744,1
31.817143560428494,11.84135663737378,0.18435748701133892,-0.4523032712795265,-0.5126064915345463,49.8870915303917,1375.8565467991111,96.18875371085997,468.36299512685684,4.126450975455027,0
15.596007860129712,11.266907008765228,-0.48569905193844676,-0.3102683937494044,-0.5286840888619329,54.79732515522512,1359.8066303887895,84.93906521613553,544.1222315685327,8.394709492122663,1
23.410467256857686,11.453131469141665,0.08588341154481482,-0.8192822465971641,-0.9815221571629746,64.3907508348622,1354.4451516666647,118.36143267230165,571.2507601857234,1.7301540948626204,1
20.664973718382868,12.51345287316031,-0.3590902288730897,-0.004064882442668782,-0.2591008176041041,57.327109427693564,1373.646306809351,119.90061556768012,560.6530236030165,0.1382691405229186,0
25.59612930563696,11.03924773472568,-0.433068899513285,-0.683664272695887,-0.3634988907631935,59.62164543146245,1355.0165304162083,111.53360468259821,491.5699415245772,3.880823501137123,1
22.142753904016313,12.56449555048101,0.14769060404919498,-0.13581915284102175,-0.9376883783466592,64.46104109943138,1307.7606932568535,107.90917297598283,366.49804653626643,7.360641043074489,0
24.169210790251338,11.972448950478855,-0.6333636762609194,-0.713315555793397,0.24246635642732706,55.69707881522697,1299.742637536514,70.05306502559463,521.4969161670207,9.717277333775685,0
34.41087440102025,11.403802334778783,-0.06173312605576631,0.9076997799002915,0.25331036400670803,49.63292804381005,1386.448443205681,111.81286159993748,580.8815556573537,8.836538793510554,1
24.15140101789811,11.708442463848655,0.30162453008806955,-0.7100349336057148,-0.8583990564526822,60.091119062550554,1385.605169157594,112.58795891046768,567.8584724297463,4.8407461193713885,0
27.06896158595107,11.49138782944918,-0.7436358536343919,0.043774307701266446,-0.36591687418109387,60.73009285961657,1398.746818925119,124.9038530753746,525.4621955359046,8.128172831963665,1
23.838653350378824,12.433112600429265,0.8611885417538081,-0.606040349362025,0.7456110639907956,56.48565837966035,1360.6494350343564,142.36419624860395,434.5773479613851,0.7033045786761405,0
25.37856643978417,12.36621390488142,0.011449398908249586,-0.8472763930547815,0.16433413648915685,35.45372402963897,1335.147303960042,66.14878652856783,471.1081148004372,5.7227234758488335,0
25.030083402180356,11.140419433061977,0.6390559437686845,-0.5953827623158037,-0.17605055197602426,41.58539846905352,1352.60832314698,92.23046348763573,606.3597919310121,9.242984130144702,0
27.241620329865796,11.798203940740333,0.30781086124212664,-0.8904517852191278,-0.06979614307180815,47.25145895969516,1361.2284903072264,85.1546672568471,422.07987559347265,3.9638514749073996,1
30.826537677735885,11.56840716882786,0.42000188244509107,-0.7212052337580224,-0.5834400111283897,57.796210207358996,1340.8592355142978,103.45014376770149,436.86873245172876,9.601006296631155,1
33.23696998801665,12.646754984229686,0.43226188198567606,-0.013031684473566063,0.6237630014158559,49.7865358092944,1393.9714944594773,100.26803716436078,551.8403353140907,2.206850967291053,0
26.548100409545835,11.324950440936789,0.7501997941229452,0.30363104211514846,0.8280094109019351,61.36868633450563,1405.7900575928747,95.31835853839709,476.286241535696,1.0563380953339352,0
27.94773443017801,12.802114552342507,0.22721087009384822,-0.8253203698564331,0.8213280845000872,63.15236628744281,1370.5656140146036,120.55208722802348,435.0034682787458,5.247623360817011,1
19.245677454072165,11.983352630241532,-0.4435656965572208,-0.11796275219146302,-0.5521312166154007,61.99170468677206,1360.7827250660362,77.97171577638433,584.0384148297659,9.072468719812242,0
24.560616287921896,11.419032796809956,-0.8009807142690857,0.1624940457067039,-0.3785194644470862,62.05540564480287,1335.1006604305114,79.17757065214788,525.3580787979827,3.112792187447442,1
29.701447324417945,11.661362907995361,0.21250123890028294,-0.531548647577877,-0.6787544503809264,39.630060953412816,1391.928677923121,79.51549457803915,479.00093595925523,8.001603193989524,0
29.329843192085768,11.599190579615774,-0.8672943924588379,-0.2558431769679492,-0.3855977327353737,54.82635499455776,1362.5261362169808,92.79344825148026,436.98238402552664,1.6919726588028094,1
26.05804866397525,11.362690798992247,-0.5174130966209396,-0.8563302605327827,-0.3343892557547994,43.924709590445836,1355.2167120317877,75.42819568176307,612.6073610122966,7.455703960009395,0
29.431969797839763,12.047413429865188,-0.8785856307961766,-0.5597378395338102,0.26621147412927093,33.50933668640802,1370.6234817734908,99.02857022401459,498.6551499689366,5.5702694138743105,0
27.453833544969093,11.386042224654078,0.09777517801313418,-0.06649414816211996,-0.6207072369037507,47.12528867944164,1349.2857694202162,96.69019610738266,576.8530434358222,1.7501697539437222,0
31.001531291296608,10.909816895630906,-0.6793237501142639,0.9808843578506445,0.8387938487354871,63.24736965627251,1363.9375034624363,84.2696977200184,549.1498449535192,7.180872494376086,1
26.446795784785557,11.810161764575913,0.22081463886694652,0.9925301258782668,-0.7938010598293801,54.60742010118464,1332.1506629830867,117.47532508112391,471.3504141085221,7.137561134564273,1
23.221508422144826,11.09857190179106,0.5817302617265352,0.9592433622485759,-0.9862439779313339,70.17809371605892,1382.7417437850486,98.80998943426526,471.788238675562,5.154352291434403,1
26.679206284665117,11.62391956596624,0.6437614415437247,-0.15382722739934485,0.7098902572610664,51.77230145268111,1358.9117791772865,121.25294728063608,579.5473193863656,2.2546763764267466,0
10.347028120736121,11.545448555698322,-0.38091298372474514,-0.83863924317067,0.4075396155320994,74.47802753592907,1384.1760172126803,96.09900297591136,580.4384532940987,1.3229389224499655,1
26.914428681925248,11.564391963987093,0.09790906538899202,-0.35285312550133296,-0.28928025928800305,51.775212255170516,1356.9772764431675,99.51610223537291,396.7696213133596,9.572550484597892,0
6.757935873926083,13.000481550795076,0.12602152017271795,-0.5245712492580454,0.19099941182023605,50.224802961537364,1358.2760058243205,88.74435190636578,530.2379143540206,6.558125382591552,0
16.382682962972908,12.028205783584786,-0.05422563569166683,-0.9717468501802908,-0.5529117983215333,37.20609912078504,1336.753651434161,99.85906918929031,493.3331857402009,8.09241483573384,1
27.25884300470492,12.122685504497666,0.3102277828495297,-0.8095327794232492,-0.663220702709248,61.10562740292768,1376.195139460363,114.24462612264092,443.1672260383822,6.969705290502416,1
27.387646686333976,11.111800851828853,-0.5798257523529329,-0.09361612990186785,-0.057701729722554385,44.97874871059521,1343.4832009195381,91.77331535459405,514.3960352094458,8.29473665192289,1
19.187856099300348,11.67301843318154,0.9584864791735885,-0.320675072391406,-0.2936243405580783,43.52952360591273,1351.2715525360154,110.36823925069328,425.77217649574834,1.6249081974892343,1
21.439489790605307,12.107651314970756,-0.8038403458181351,-0.6392925567310339,0.23046010107058423,62.81230563762572,1361.0209437216508,83.74506077908518,474.3449554944645,4.969502245470444,0
31.85270494307066,11.487735543543497,0.6584422824062384,0.4321999413174942,-0.563701630877937,61.582226687959576,1363.424483673787,115.18101131044419,456.08394469765176,6.6712477050229335,1
22.57984934213662,12.454031421758993,0.18819197390237563,-0.28576880820676287,0.32585540112123734,61.320513672106784,1326.878061195645,88.40188345376146,472.5114804714201,1.0338989989521796,0
36.21460156201493,11.398651707049485,-0.5102905056125682,0.7037357114930887,0.5337230406056264,46.378088659450185,1356.3838826902397,117.033597464581,496.06868284859047,1.499569493284083,1
24.990400734118268,11.856816932067412,0.4913500013205996,-0.5180456794737653,-0.6667277139430512,49.490241346947485,1376.9046043728742,101.2195308486733,444.14383359519826,6.339825942509465,0
27.040180884406332,11.706974180012221,-0.8310382086458561,0.07678698017324948,-0.912283433164168,49.40145602304148,1353.433239309522,130.41907466782126,586.5248465880313,8.687058042538201,0
33.08437199249304,12.082160329690957,0.5488356688975662,-0.6317215657016351,-0.12082524939732253,57.82518180672398,1356.5053649157335,76.91864547491582,527.1305778366769,6.6041617894159765,1
25.655135580967098,11.679754964072288,0.17997044448602706,-0.009398767228316007,0.5480481719848742,65.5356466849423,1364.2481210168546,70.47646453376264,598.700966561013,0.36204813456075624,0
19.988280096545992,11.864553186464532,-0.7784993632071968,-0.6950669820432276,0.3015596711482853,53.68146555198407,1358.48079134906,87.67565508048867,491.19560170070895,9.704329170903229,1
24.45136274152855,11.881934954111006,-0.8409888738152596,-0.6768427512569561,0.4037634408291826,69.74891085357359,1340.3896899522479,72.30778103931374,469.816552073659,1.3950690090624507,0
24.821946319049545,11.63280612130435,0.501672666872925,0.22444675408403136,-0.1943213200132632,58.97194418033062,1360.2730775266618,72.34530211143445,596.7128587971165,2.3256223355248973,0
18.176291738992173,12.242546934248557,-0.4141281869923257,-0.47242791564846653,-0.5301089094938602,47.65200605885582,1380.8814634001178,112.43101520919751,468.20671430693085,9.749672819047243,1
23.720839643295882,12.119194187418712,0.7786037015344269,-0.6552655468715054,0.0635576865692189,58.28711406128975,1339.9764810546583,99.91642413174684,490.19393879059817,7.710329966533749,0
21.289039530012815,11.955693027373416,0.5241460420603521,0.8595365002701463,-0.5912686125016062,67.05940278708773,1353.5103622102836,90.40638046591482,539.6026075773523,9.365766803785066,1
29.62178878593717,11.784770833269022,0.39638048943543214,-0.9139934985198979,0.4524573939701315,69.98288983341334,1333.3673735212985,92.26074805389136,431.9250805436497,8.066196928080297,1
25.17305937092628,12.398272015259998,-0.4427878947330981,0.13029622539177432,-0.6060670880810459,61.868913445990806,1379.827639009807,88.05524671347321,539.1212076636507,6.5173447500320005,1
23.58602125426215,11.882082878092909,0.41788903804323585,0.09652768366653053,-0.4174734665713171,50.256744536579994,1359.1528358632424,133.00738335638087,532.0840886390531,2.84552998863006,0
24.469090346887118,11.846651356087031,0.896295369029668,-0.4987822511938804,0.013089556646010747,47.8330674594408,1343.9960073278828,85.28988584713926,569.8128924920808,3.2688144169952538,0
26.11561009203083,12.052345014944063,-0.8168803312588622,-0.09445650977436437,-0.026580131713010102,55.76069503561391,1362.8453120028635,73.55732203833401,548.9524476655578,9.472710730443698,0
28.0840709984489,12.848293341485425,-0.3476747159928679,-0.8245244338347291,0.2016987528140588,66.73974495271047,1336.927995702091,115.92101234972655,571.4988094082664,8.606256161556447,0
20.001438856653095,11.329821895989397,-0.5306554690768117,0.4425402918477712,-0.12511079900016608,54.337691222144514,1340.330089370792,95.68488753304358,493.92679547203744,3.5949044844232647,0
19.79206183689364,12.384928446527677,-0.2134997311986666,-0.5566057032463536,0.8389466170201827,54.54531871868811,1331.7973294029644,140.7754737763577,452.55313247111167,3.732674176207038,0
30.52339607701265,11.053414419380948,0.4846653097078928,-0.6132292803468882,0.6798681883943765,50.51397854317092,1339.664415248852,89.47588722411729,616.049197774585,2.9769439027588476,0
22.93831563897635,12.108636579114313,-0.05151483714922689,-0.3702430434449939,0.7582269024732768,46.721089373687875,1388.1467516799962,116.91968359513584,416.03174114629184,3.2613014262500393,0
17.91578953701563,12.787541413804366,0.14146121224049257,0.804739840526284,0.25903314280687506,48.378654933560824,1346.3376333743481,121.64394661198611,421.54178066194055,8.606674662887857,0
27.219063546915525,12.244334262233654,-0.3716902238433153,0.5929332965670853,0.2700158317216128,51.3542598524553,1370.3245024530295,89.57328335595993,531.0820422279858,0.10506856589846847,0
27.316849030163436,12.085312539269896,-0.7174214658257989,0.8937845822675152,0.2183973674318973,67.18099996239822,1344.2739716008816,85.14158464181928,589.3742326497543,4.360526211095247,0
17.34642371371647,11.719775265598463,-0.46613270212454294,0.3039246920661709,-0.13023169115708755,47.60286221469198,1376.1906749152645,114.82733061861809,510.42529652527907,9.428396785279078,0
26.147408577318032,12.015523600244277,0.719360602483974,0.32584302206417526,-0.35578799786547477,50.52612075911381,1340.4783599813736,111.49783835827861,554.9617034836214,5.426363551828088,0
28.67791546214187,11.873968592298322,0.2048339243068209,-0.03993800114756607,0.18400577489774061,41.34622339593491,1361.7845585552352,71.78779798578147,390.23084998904227,4.504457901439035,0
26.871932258531317,11.607011696034322,-0.24402265360553255,0.8103726467339509,-0.9489363257230994,57.166310664731554,1362.057026197379,77.43128727390558,472.52502708003743,3.123698046995881,1
28.159907418806977,11.855062192262565,0.5798119634711751,0.021754298540658024,-0.9850871371523939,63.666791787182824,1407.5561067285319,49.27139990103989,396.9328706071208,0.7391262986190383,1
17.978654509546253,12.09919058031322,-0.8710851350901825,-0.2898798584099507,0.7032836525934971,66.24497845956756,1373.6085057596033,111.90773707957605,542.9226027025763,2.2448647802751287,0
26.65520077498098,11.61639146573468,-0.49221782415522863,0.2807500198353303,-0.9071519104447556,52.03364524695711,1349.1419197134146,94.76345613728509,414.9022770376042,0.9045840993687126,0
23.48690120264777,11.596859089657658,-0.5397936918853214,0.09227898680192692,0.04959030066683612,55.74354283279236,1374.7009792730103,96.75699158049436,429.7199634682044,1.2669942971542825,0
22.586049206376778,11.319878281203913,0.9707291243364442,-0.751960369380209,0.22997552589929016,48.46449677829962,1403.763489409704,66.17111804596294,528.2713862728772,1.6351654412626981,1
29.35277804709863,12.195362513044447,0.4121971647855205,-0.2145491721751409,-0.6036575407551288,55.28018679694522,1328.4072781903142,78.03795293821346,558.4003393609751,3.0202943208427846,0
32.39637255337115,12.27266163098353,0.23557187277710834,-0.37334917781104004,0.7914616765302966,53.139651524992146,1344.1503591486255,90.44082174864867,491.2567540473931,0.11016679995535461,0
33.97185027300179,12.115830222118259,-0.9900300694110542,0.6936675500222635,-0.61980845650325,50.58264387251487,1356.262048817734,86.55348799704358,531.359487725968,9.501438855932477,0
31.574039357529525,12.482585246364334,-0.6313799958202853,-0.24231488605378249,0.7690299747333493,51.37753692277129,1352.658235457161,102.35672151035263,529.5783491780201,1.2381909267697455,0
24.451329091849082,12.043933818540363,0.27108258594615653,0.6431104652777853,0.5259805386660703,54.51922283393649,1354.3448660334025,111.66936253263628,488.15152273066406,3.8314887235958706,1
26.763600815131717,12.196005468682879,-0.24056134703666854,-0.11522081219810887,-0.5185140929516121,47.058475651544356,1334.915354688135,145.39225138570396,439.7911984412563,8.795275597147805,0
28.83411435892122,12.151918712818782,0.8485607673581217,0.50700112689122,-0.6985116674478129,47.57503207921967,1389.0791210710001,99.5996593993815,531.0690273786554,1.0656797019076225,0
25.60588974649731,11.954229990290896,0.5294484382835158,-0.7294361429776202,-0.3675345796275298,67.07362013671553,1332.5478280304676,122.30805326193891,533.7202629926295,4.836042517541208,0
25.653820939557722,11.734589085935177,-0.10523185439176008,0.8493004393169248,-0.2040988674594506,77.10546768846383,1356.99574380755,83.4005444604045,549.1713421699642,8.447835975413957,0
29.118765659380912,13.107076307895955,0.4990299550765409,-0.03888021840216349,-0.5084306470021531,37.95633051465956,1381.9166118352139,66.50107370049288,517.1636533243394,5.569626240341401,0
